Course_Title,Degree_Level,Attendance_Mode,Course_Link
Accountancy BSc,Undergraduate,3 years full-time; 4 years full-time,https://www.brunel.ac.uk/study/undergraduate/accountancy-bsc
Accounting and Business Intelligence MSc (Brunel Business School),Postgraduate,1 year full-time; 2 years full-time ; 16 months full-time ; 15 months full-time; 27 months full-time ; 19 months full-time,https://www.brunel.ac.uk/study/postgraduate/accounting-and-business-intelligence-msc
Accounting and Business Management BSc (Brunel Business School),Undergraduate,3 years full-time; 4 years full-time,https://www.brunel.ac.uk/study/undergraduate/accounting-and-business-management-bsc
Accounting and Business Management MSc (Brunel Business School),Postgraduate,1 year full-time; 2 years full-time ; 16 months full-time ; 15 months full-time; 27 months full-time ; 19 months full-time,https://www.brunel.ac.uk/study/postgraduate/accounting-and-business-management-msc
"Advanced Clinical Practice (Cardiovascular Health) PgCert, PgDip and MSc",Postgraduate,3 years part-time; 3 years part-time; 1 year (staged study) part-time,https://www.brunel.ac.uk/study/postgraduate/advanced-clinical-practice-cardiovascular-health-pgcert-pgdip-and-msc
"Advanced Clinical Practice (Critical Care) PgCert, PgDip and MSc",Postgraduate,3 years part-time; 1 year (staged study) part-time,https://www.brunel.ac.uk/study/postgraduate/advanced-clinical-practice-critical-care-pgcert-pgdip-and-msc
"Advanced Clinical Practice (Musculoskeletal Rehabilitation) PgCert, PgDip and MSc",Postgraduate,3 years part-time; 1 year (staged study) part-time,https://www.brunel.ac.uk/study/postgraduate/advanced-clinical-practice-musculoskeletal-rehabilitation-pgcert-pgdip-and-msc
"Advanced Clinical Practice (Neurological Rehabilitation) PgCert, PgDip and MSc",Postgraduate,3 years part-time; 1 year (staged study) part-time,https://www.brunel.ac.uk/study/postgraduate/advanced-clinical-practice-neurological-rehabilitation-pgcert-pgdip-and-msc
"Advanced Clinical Practice (Pelvic Health) PgCert, PgDip and MSc",Postgraduate,3 years part-time; 1 year (staged study) part-time,https://www.brunel.ac.uk/study/postgraduate/advanced-clinical-practice-pelvic-health-pgcert-pgdip-and-msc
Advanced Clinical Practice CPD,CPD,,https://www.brunel.ac.uk/study/postgraduate/advanced-clinical-practice-cpd
"Advanced Clinical Practice PgCert, PgDip and MSc",Postgraduate,3 years part-time; 1 year (staged study) part-time,https://www.brunel.ac.uk/study/postgraduate/advanced-clinical-practice-pgcert-pgdip-and-msc
Advanced Electronic and Electrical Engineering MSc,Postgraduate,1 year full-time; 14 months full-time,https://www.brunel.ac.uk/study/postgraduate/advanced-electronic-and-electrical-engineering-msc
Advanced Engineering Design MSc,Postgraduate,1 year full-time; 2 years part-time,https://www.brunel.ac.uk/study/postgraduate/advanced-engineering-design-msc
Advanced Manufacturing and Enterprise Engineering Integrated PhD,PhD & Research,4 years full-time,https://www.brunel.ac.uk/study/postgraduate/advanced-manufacturing-and-enterprise-engineering-integrated-phd
Advanced Manufacturing Systems MSc,Postgraduate,1 year full-time,https://www.brunel.ac.uk/study/postgraduate/advanced-manufacturing-systems-msc
Advanced Mechanical Engineering MSc,Postgraduate,1 year full-time,https://www.brunel.ac.uk/study/postgraduate/advanced-mechanical-engineering-msc
Advanced Powertrain and Fuels PhD,PhD & Research,3 years full-time; 6 years part-time,https://www.brunel.ac.uk/study/postgraduate/advanced-powertrain-and-fuels-phd
"Advanced Professional Practice (APP) PgCert, PgDip and MSc",Postgraduate,1 year full-time,https://www.brunel.ac.uk/study/postgraduate/advanced-professional-practice-app-pgcert-pgdip-and-msc
"Advanced Professional Practice (Cardiovascular Health) PgCert, PgDip and MSc",Postgraduate,1 Year full-time,https://www.brunel.ac.uk/study/postgraduate/advanced-professional-practice-cardiovascular-health-pgcert-pgdip-and-msc
"Advanced Professional Practice (Critical Care) PgCert, PgDip and MSc",Postgraduate,1 Year full-time,https://www.brunel.ac.uk/study/postgraduate/advanced-professional-practice-critical-care-pgcert-pgdip-and-msc
"Advanced Professional Practice (Musculoskeletal Rehabilitation) PgCert, PgDip and MSc",Postgraduate,1 Year full-time,https://www.brunel.ac.uk/study/postgraduate/advanced-professional-practice-musculoskeletal-rehabilitation-pgcert-pgdip-and-msc
"Advanced Professional Practice (Neurological Rehabilitation) PgCert, PgDip and MSc",Postgraduate,1 Year full-time,https://www.brunel.ac.uk/study/postgraduate/advanced-professional-practice-neurological-rehabilitation-pgcert-pgdip-and-msc
"Advanced Professional Practice (Pelvic Health) PgCert, PgDip and MSc",Postgraduate,1 year full-time,https://www.brunel.ac.uk/study/postgraduate/advanced-professional-practice-pelvic-health-pgcert-pgdip-and-msc
Aerospace Engineering BEng,Undergraduate,3 years full-time; 4 years full-time,https://www.brunel.ac.uk/study/undergraduate/aerospace-engineering-beng
Aerospace Engineering MEng,Undergraduate,4 years full-time; 5 years full-time,https://www.brunel.ac.uk/study/undergraduate/aerospace-engineering-meng
Aerospace Engineering MSc,Postgraduate,1 year full-time; 24 months full-time,https://www.brunel.ac.uk/study/postgraduate/aerospace-engineering-msc
Ageing Studies PhD,PhD & Research,3 years full-time; 6 years part-time,https://www.brunel.ac.uk/study/postgraduate/ageing-studies-phd
Anthropology and Sociology BSc,Undergraduate,3 years full-time; 4 years full-time ; 4 years full-time,https://www.brunel.ac.uk/study/undergraduate/anthropology-and-sociology-bsc
Anthropology BSc,Undergraduate,3 years full-time; 4 years full-time ; 4 years full-time,https://www.brunel.ac.uk/study/undergraduate/anthropology-bsc
"Anthropology of Childhood, Youth and Education MSc",Postgraduate,1 year full-time; 2 or 2.5 years part-time,https://www.brunel.ac.uk/study/postgraduate/anthropology-of-childhood-youth-and-education-msc
Anthropology of International Development and Humanitarian Assistance MSc,Postgraduate,1 year full-time; 2 or 2.5 years part-time,https://www.brunel.ac.uk/study/postgraduate/anthropology-of-international-development-and-humanitarian-assistance-msc
Anthropology PhD,PhD & Research,3 years full-time; 6 years part-time,https://www.brunel.ac.uk/study/postgraduate/phd-anthropology
Art Psychotherapy MA,Postgraduate,2 years full-time,https://www.brunel.ac.uk/study/postgraduate/art-psychotherapy-ma
Artificial Intelligence MSc,Postgraduate,1 year full-time; 2 years part-time; 1 year (staged study) part-time,https://www.brunel.ac.uk/study/postgraduate/artificial-intelligence-msc
Artificial Intelligence Strategy MSc (Brunel Business School),Postgraduate,1 year full-time; 16 months full-time ; 2 years full-time ; 15 months full-time; 19 months full-time ; 27 months full-time,https://www.brunel.ac.uk/study/postgraduate/artificial-intelligence-strategy-msc
Automotive and Motorsport Engineering MSc,Postgraduate,1 year full-time,https://www.brunel.ac.uk/study/postgraduate/automotive-and-motorsport-engineering-msc
Automotive Engineering BEng,Undergraduate,3 years full-time; 4 years full-time,https://www.brunel.ac.uk/study/undergraduate/automotive-engineering-beng
Automotive Engineering MEng,Undergraduate,4 years full-time; 5 years full-time,https://www.brunel.ac.uk/study/undergraduate/automotive-engineering-meng
Banking and Finance BSc,Undergraduate,3 years full-time; 4 years full-time,https://www.brunel.ac.uk/study/undergraduate/banking-and-finance-bsc
Banking and Finance MSc,Postgraduate,1 year full-time; 16 months full-time ; 2 years full-time ; 2 years part-time,https://www.brunel.ac.uk/study/postgraduate/banking-and-finance-msc
Biological Sciences (for intercalated students) BSc,Undergraduate,1 year full-time,https://www.brunel.ac.uk/study/undergraduate/biological-sciences-for-intercalated-students-bsc
Biomedical Engineering PhD,PhD & Research,3 years full-time; 6 years part-time,https://www.brunel.ac.uk/study/postgraduate/biomedical-engineering-phd
Biomedical Sciences (Biochemistry) BSc,Undergraduate,3 years full-time; 4 years full-time,https://www.brunel.ac.uk/study/undergraduate/biomedical-sciences-biochemistry-bsc
Biomedical Sciences (Genetics) BSc,Undergraduate,3 years full-time; 4 years full-time,https://www.brunel.ac.uk/study/undergraduate/biomedical-sciences-genetics-bsc
Biomedical Sciences (Human Health) BSc,Undergraduate,3 years full-time; 4 years full-time,https://www.brunel.ac.uk/study/undergraduate/biomedical-sciences-human-health-bsc
Biomedical Sciences (Immunology) BSc,Undergraduate,3 years full-time; 4 years full-time,https://www.brunel.ac.uk/study/undergraduate/biomedical-sciences-immunology-bsc
Biomedical Sciences BSc,Undergraduate,3 years full-time; 4 years full-time,https://www.brunel.ac.uk/study/undergraduate/biomedical-sciences-bsc
Biosciences PhD,PhD & Research,3 years full-time; 6 years part-time,https://www.brunel.ac.uk/study/postgraduate/phd-biosciences
Building Services Engineering Management MSc,Postgraduate,3 years part-time distance learning,https://www.brunel.ac.uk/study/postgraduate/building-services-engineering-management-msc
Building Services Engineering MSc,Postgraduate,1 year full-time; 3 years part-time distance learning,https://www.brunel.ac.uk/study/postgraduate/building-services-engineering-msc
Building Services Engineering with Sustainable Energy MSc,Postgraduate,3 years part-time distance learning,https://www.brunel.ac.uk/study/postgraduate/building-services-engineering-with-sustainable-energy-msc
Business Administration MBA (Brunel Business School),Postgraduate,1 year full-time; 2 years part-time,https://www.brunel.ac.uk/study/postgraduate/business-administration-mba
Business and Management BSc (Brunel Business School),Undergraduate,3 years full-time; 4 years full-time,https://www.brunel.ac.uk/study/undergraduate/business-and-management-bsc
Business and Management Integrated PhD (Brunel Business School),PhD & Research,4 years full-time,https://www.brunel.ac.uk/study/postgraduate/business-and-management-integrated-phd
Business Computing (eBusiness) BSc,Undergraduate,3 years full-time; 4 years full-time,https://www.brunel.ac.uk/study/undergraduate/business-computing-ebusiness-bsc
Business Computing (Human Computer Interaction) BSc,Undergraduate,3 years full-time; 4 years full-time,https://www.brunel.ac.uk/study/undergraduate/business-computing-human-computer-interaction-bsc
Business Computing (Social Media) BSc,Undergraduate,3 years full-time; 4 years full-time,https://www.brunel.ac.uk/study/undergraduate/business-computing-social-media-bsc
Business Computing BSc,Undergraduate,3 years full-time; 4 years full-time,https://www.brunel.ac.uk/study/undergraduate/business-computing-bsc
Business Finance MSc,Postgraduate,1 year full-time; 16 months full-time ; 2 years full-time ; 2 years part-time,https://www.brunel.ac.uk/study/postgraduate/business-finance-msc
Business Intelligence and Digital Marketing MSc (Brunel Business School),Postgraduate,1 year full-time; 15 months full-time,https://www.brunel.ac.uk/study/postgraduate/business-intelligence-and-digital-marketing-msc
Business Management with Entrepreneurship BSc (Brunel Business School),Undergraduate,3 years full-time; 4 years full-time,https://www.brunel.ac.uk/study/undergraduate/business-management-with-entrepreneurship-bsc
Chemical Engineering BEng,Undergraduate,3 years full-time; 4 years full-time,https://www.brunel.ac.uk/study/undergraduate/chemical-engineering-beng
Chemical Engineering Integrated PhD,PhD & Research,4 years full-time,https://www.brunel.ac.uk/study/postgraduate/chemical-engineering-integrated-phd
Chemical Engineering MEng,Undergraduate,4 years full-time; 5 years full-time,https://www.brunel.ac.uk/study/undergraduate/chemical-engineering-meng
Chemical Engineering PhD,PhD & Research,3 years full-time; 6 years part-time,https://www.brunel.ac.uk/study/postgraduate/chemical-engineering-phd
"Children, Youth and International Development MA",Postgraduate,1 year full-time; 2 or 2.5 years part-time,https://www.brunel.ac.uk/study/postgraduate/children-youth-and-international-development-ma
Civil Engineering (Environmental Engineering) BEng,Undergraduate,3 years full-time; 4 years full-time,https://www.brunel.ac.uk/study/undergraduate/civil-engineering-environmental-engineering-beng
Civil Engineering (Environmental Engineering) MEng,Undergraduate,3 years full-time; 4 years full-time,https://www.brunel.ac.uk/study/undergraduate/civil-engineering-environmental-engineering-meng
Civil Engineering (Flood and Coastal Engineering) BEng,Undergraduate,3 years full-time; 4 years full-time,https://www.brunel.ac.uk/study/undergraduate/civil-engineering-flood-and-coastal-engineering-beng
Civil Engineering (Flood and Coastal Engineering) MEng,Undergraduate,4 years full-time; 5 years full-time,https://www.brunel.ac.uk/study/undergraduate/civil-engineering-flood-and-coastal-engineering-meng
Civil Engineering BEng,Undergraduate,3 years full-time; 4 years full-time,https://www.brunel.ac.uk/study/undergraduate/civil-engineering-beng
Civil Engineering Integrated PhD,PhD & Research,4 years full-time,https://www.brunel.ac.uk/study/postgraduate/civil-engineering-integrated-phd
Civil Engineering MEng,Undergraduate,4 years full-time; 5 years full-time,https://www.brunel.ac.uk/study/undergraduate/civil-engineering-meng
Civil Engineering MSc,Postgraduate,1 year full-time; 14 months full-time,https://www.brunel.ac.uk/study/postgraduate/civil-engineering-msc
Civil Engineering PhD,PhD & Research,3 years full-time; 6 years part-time,https://www.brunel.ac.uk/study/postgraduate/phd-civil-engineering
"Clinical Education PGCert, PGDip and MSc",Postgraduate,1 year full-time; 2 years part-time,https://www.brunel.ac.uk/study/postgraduate/clinical-education-pgcert-pgdip-and-msc
Cognitive and Clinical Neuroscience MSc,Postgraduate,1 year full-time; 2 years part-time,https://www.brunel.ac.uk/study/postgraduate/cognitive-and-clinical-neuroscience-msc
Cognitive and Clinical Neuroscience PhD,PhD & Research,3 years full-time; 6 years part-time,https://www.brunel.ac.uk/study/postgraduate/cognitive-neuroscience-phd
Comedy Studies PhD,PhD & Research,3 years full-time; 6 years part-time,https://www.brunel.ac.uk/study/postgraduate/comedy-studies-phd
Computer Science (Artificial Intelligence) BSc,Undergraduate,3 years full-time; 4 years full-time,https://www.brunel.ac.uk/study/undergraduate/computer-science-artificial-intelligence-bsc
Computer Science (Digital Media and Games) BSc,Undergraduate,3 years full-time; 4 years full-time,https://www.brunel.ac.uk/study/undergraduate/computer-science-digital-media-and-games-bsc
Computer Science (Network Computing) BSc,Undergraduate,3 years full-time; 4 years full-time,https://www.brunel.ac.uk/study/undergraduate/computer-science-network-computing-bsc
Computer Science (Software Engineering) BSc,Undergraduate,3 years full-time; 4 years full-time,https://www.brunel.ac.uk/study/undergraduate/computer-science-software-engineering-bsc
Computer Science BSc,Undergraduate,3 years full-time; 4 years full-time,https://www.brunel.ac.uk/study/undergraduate/computer-science-bsc
Computer Science Integrated PhD,PhD & Research,4 years full-time,https://www.brunel.ac.uk/study/postgraduate/computer-science-integrated-phd
Computer Science PhD,PhD & Research,3 years full-time; 6 years part-time,https://www.brunel.ac.uk/study/postgraduate/phd-computer-science
Computer Systems Engineering BEng,Undergraduate,3 years full-time; 4 years full-time,https://www.brunel.ac.uk/study/undergraduate/computer-systems-engineering-beng
Computer Systems Engineering MEng,Undergraduate,4 years full-time; 5 years full-time,https://www.brunel.ac.uk/study/undergraduate/computer-systems-engineering-meng
Computer Systems Engineering PhD,PhD & Research,3 years full-time; 6 years part-time,https://www.brunel.ac.uk/study/postgraduate/computer-systems-engineering-phd
Contemporary Writing PhD,PhD & Research,3 years full-time; 6 years part-time,https://www.brunel.ac.uk/study/postgraduate/contemporary-writing-phd
Corporate Brand Management MSc (Brunel Business School),Postgraduate,1 year full-time; 16 months full-time ; 2 years full-time,https://www.brunel.ac.uk/study/postgraduate/corporate-brand-management-msc
Creative Writing BA,Undergraduate,3 years full-time; 4 years full-time ; 4.5-6 years part-time,https://www.brunel.ac.uk/study/undergraduate/creative-writing-ba
Creative Writing MA,Postgraduate,1 year full-time; 2 years part-time,https://www.brunel.ac.uk/study/postgraduate/creative-writing-ma
Creative Writing PhD,PhD & Research,3 years full-time; 6 years part-time,https://www.brunel.ac.uk/study/postgraduate/phd-creative-writing
Criminology BSc,Undergraduate,3 years full-time; 4 years full-time,https://www.brunel.ac.uk/study/undergraduate/criminology-bsc
Criminology PhD,PhD & Research,3 years full-time; 6 years part-time,https://www.brunel.ac.uk/study/postgraduate/criminology-phd
Culture and Evolution PhD,PhD & Research,3 years full-time; 6 years part-time,https://www.brunel.ac.uk/study/postgraduate/culture-and-evolution-phd
Data Science and Analytics MSc,Postgraduate,1 year full-time; 2 years part-time; 1 year (staged study) part-time,https://www.brunel.ac.uk/study/postgraduate/data-science-and-analytics-msc
Design and Branding Strategy MA,Postgraduate,1 year full-time; 2.5 years part-time,https://www.brunel.ac.uk/study/postgraduate/design-and-branding-strategy-ma
Design BSc,Undergraduate,3 years full-time; 4 years full-time,https://www.brunel.ac.uk/study/undergraduate/design-bsc
Design Integrated PhD,PhD & Research,4 years full-time,https://www.brunel.ac.uk/study/postgraduate/design-integrated-phd
Design MDes,Undergraduate,4 years full-time; 5 years full-time,https://www.brunel.ac.uk/study/undergraduate/design-mdes
Design PhD,PhD & Research,3 years full-time; 6 years part-time,https://www.brunel.ac.uk/study/postgraduate/phd-design
Design Strategy and Innovation MA,Postgraduate,1 year full-time; 2.5 years part-time,https://www.brunel.ac.uk/study/postgraduate/design-strategy-and-innovation-ma
Digital Design (3D Animation) MSc,Postgraduate,1 year full-time; 2 years part-time; 2 years full-time ; 3 years part-time,https://www.brunel.ac.uk/study/postgraduate/digital-design-msc-3d-animation
Digital Design (Immersive Mixed Reality) MSc,Postgraduate,1 year full-time; 2 years part-time; 2 years full-time ; 3 years part-time,https://www.brunel.ac.uk/study/postgraduate/digital-design-msc-immersive-mixed-reality
Digital Design (Motion Graphics) MSc,Postgraduate,1 year full-time; 2 years part-time; 2 years full-time ; 3 years part-time,https://www.brunel.ac.uk/study/postgraduate/digital-design-msc-motion-graphics
Digital Design and Branding MSc,Postgraduate,1 year full-time; 2 years part-time; 2 years full-time ; 3 years part-time,https://www.brunel.ac.uk/study/postgraduate/digital-design-and-branding-msc
Digital Design BSc,Undergraduate,3 years full-time; 4 years full-time,https://www.brunel.ac.uk/study/undergraduate/digital-design-bsc
Digital Games Theory and Design MA,Postgraduate,1 year full-time,https://www.brunel.ac.uk/study/postgraduate/digital-games-theory-and-design-ma
Digital Media PhD,PhD & Research,3 years full-time; 6 years part-time,https://www.brunel.ac.uk/study/postgraduate/phd-digital-media
Digital Service Design MSc,Postgraduate,1 year full-time,https://www.brunel.ac.uk/study/postgraduate/digital-service-design-msc
Economics and Accounting BSc,Undergraduate,3 years full-time; 4 years full-time,https://www.brunel.ac.uk/study/undergraduate/economics-and-accounting-bsc
Economics and Business Finance BSc,Undergraduate,3 years full-time; 4 years full-time,https://www.brunel.ac.uk/study/undergraduate/economics-and-business-finance-bsc
Economics and Finance PhD,PhD & Research,3 years full-time; 6 years part-time,https://www.brunel.ac.uk/study/postgraduate/phd-economics-and-finance
Economics and Management BSc,Undergraduate,3 years full-time; 4 years full-time,https://www.brunel.ac.uk/study/undergraduate/economics-and-management-bsc
Economics and Mathematics with an Integrated Foundation Year,Undergraduate; Foundation,4 years full-time; 5 years full-time,https://www.brunel.ac.uk/study/undergraduate/economics-and-mathematics-with-an-integrated-foundation-year
Economics BSc,Undergraduate,3 years full-time; 4 years full-time,https://www.brunel.ac.uk/study/undergraduate/economics-bsc
Economics Integrated PhD,PhD & Research,4 years full-time,https://www.brunel.ac.uk/study/postgraduate/economics-integrated-phd
Education BA,Undergraduate,3 years full-time; 4 years full-time,https://www.brunel.ac.uk/study/undergraduate/education-ba
Education EdD,PhD & Research,5 years part-time,https://www.brunel.ac.uk/study/postgraduate/education-edd
Education Integrated PhD,PhD & Research,4 years full-time,https://www.brunel.ac.uk/study/postgraduate/education-integrated-phd
Education MA,Postgraduate,1 year full-time; 2 years part-time,https://www.brunel.ac.uk/study/postgraduate/education-ma
Education PhD,PhD & Research,3 years full-time; 6 years part-time,https://www.brunel.ac.uk/study/postgraduate/phd-education
Electric Vehicle Systems MSc,Postgraduate,1 year full-time,https://www.brunel.ac.uk/study/postgraduate/electric-vehicle-systems-msc
Electronic and Communications Engineering BEng (China),Undergraduate,4 years full-time,https://www.brunel.ac.uk/study/undergraduate/electronic-and-communications-engineering-beng-china
Electronic and Communications Engineering MEng,Undergraduate,4 years full-time; 5 years full-time,https://www.brunel.ac.uk/study/undergraduate/electronic-and-communications-engineering-meng
Electronic and Computer Engineering PhD,PhD & Research,3 years full-time; 6 years part-time,https://www.brunel.ac.uk/study/postgraduate/electronic-and-computer-engineering-phd
Electronic and Electrical Engineering (Artificial Intelligence) BEng,Undergraduate,3 years full-time; 4 years full-time,https://www.brunel.ac.uk/study/undergraduate/electronic-and-electrical-engineering-artificial-intelligence-beng
Electronic and Electrical Engineering (Communication Systems) BEng,Undergraduate,3 years full-time; 4 years full-time,https://www.brunel.ac.uk/study/undergraduate/electronic-and-electrical-engineering-communication-systems-beng
Electronic and Electrical Engineering (Computer Systems) BEng,Undergraduate,3 years full-time; 4 years full-time,https://www.brunel.ac.uk/study/undergraduate/electronic-and-electrical-engineering-computer-systems-beng
Electronic and Electrical Engineering (Energy Systems) BEng,Undergraduate,3 years full-time; 4 years full-time,https://www.brunel.ac.uk/study/undergraduate/electronic-and-electrical-engineering-energy-systems-beng
Electronic and Electrical Engineering BEng,Undergraduate,3 years full-time; 4 years full-time,https://www.brunel.ac.uk/study/undergraduate/electronic-and-electrical-engineering-beng
Electronic and Electrical Engineering Integrated PhD,PhD & Research,4 years full-time,https://www.brunel.ac.uk/study/postgraduate/electronic-and-electrical-engineering-integrated-phd
Electronic and Electrical Engineering MEng,Undergraduate,4 years full-time; 5 years full-time,https://www.brunel.ac.uk/study/undergraduate/electronic-and-electrical-engineering-meng
Electronic and Electrical Engineering PhD,PhD & Research,3 years full-time; 6 years part-time,https://www.brunel.ac.uk/study/postgraduate/phd-electrical-engineering-electronics
Electronic Engineering BEng (Top Up),Undergraduate,1 year full-time,https://www.brunel.ac.uk/study/undergraduate/electronic-engineering-beng-top-up
Energy Efficient and Sustainable Technologies PhD,PhD & Research,3 years full-time; 6 years part-time,https://www.brunel.ac.uk/study/postgraduate/energy-efficient-and-sustainable-technologies
Engineering CPD,CPD,,https://www.brunel.ac.uk/study/postgraduate/engineering-cpd
Engineering Management MSc,Postgraduate,1 year full-time,https://www.brunel.ac.uk/study/postgraduate/engineering-management-msc
Engineering Management PGCert,Postgraduate; Pre-Masters,4 months full-time; 16 months part-time,https://www.brunel.ac.uk/study/postgraduate/engineering-management-pg-cert
Engineering with an Integrated Foundation Year,Foundation,4 years full-time; 5 years full-time,https://www.brunel.ac.uk/study/undergraduate/engineering-with-an-integrated-foundation-year
English BA,Undergraduate,3 years full-time; 4 years full-time ; 4.5-6 years part-time,https://www.brunel.ac.uk/study/undergraduate/english-ba
English Literature MA,Postgraduate,1 year full-time; 2 years part-time,https://www.brunel.ac.uk/study/postgraduate/english-literature-ma
English PhD,PhD & Research,3 years full-time; 6 years part-time,https://www.brunel.ac.uk/study/postgraduate/phd-english
English with Creative Writing BA,Undergraduate,3 years full-time; 4 years full-time ; 4.5-6 years part-time,https://www.brunel.ac.uk/study/undergraduate/english-with-creative-writing-ba
English@Brunel,Pre-sessional,,https://www.brunel.ac.uk/study/undergraduate/englishatbrunel
Environment and Health PhD,PhD & Research,3 years full-time,https://www.brunel.ac.uk/study/postgraduate/phd-environment-and-health
Environmental Management MRes,Postgraduate,1 year full-time; 2 years part-time,https://www.brunel.ac.uk/study/postgraduate/environmental-management-mres
Environmental Management MSc,Postgraduate,1 year full-time; 18 months full-time ; 24 months part-time; 15 months full-time; 21 months full-time,https://www.brunel.ac.uk/study/postgraduate/environmental-management-msc
Environmental Sciences BSc,Undergraduate,3 years full-time; 3 years full-time compressed-sandwich; 4 years full-time,https://www.brunel.ac.uk/study/undergraduate/environmental-sciences-bsc
Environmental Sciences MRes,Postgraduate,1 year full-time; 2 years part-time,https://www.brunel.ac.uk/study/postgraduate/environmental-sciences-mres
Environmental Sciences MSci,Undergraduate,4 years full-time; 4 years full-time compressed-sandwich; 5 years full-time,https://www.brunel.ac.uk/study/undergraduate/environmental-sciences-msci
Environmental Sciences PhD,PhD & Research,3 years full-time; 6 years part-time,https://www.brunel.ac.uk/study/postgraduate/phd-environmental-science
Film and Television Studies and English BA,Undergraduate,3 years full-time; 4 years full-time ; 6 years part-time,https://www.brunel.ac.uk/study/undergraduate/film-and-television-studies-and-english-ba
Film and Television Studies BA,Undergraduate,3 years full-time; 4 years full-time ; 6 years part-time,https://www.brunel.ac.uk/study/undergraduate/film-and-television-studies-ba
Film Production and Theatre BA,Undergraduate,3 years full-time; 4 years full-time ; 6 years part-time,https://www.brunel.ac.uk/study/undergraduate/film-production-and-theatre-ba
Film Production BA,Undergraduate,3 years full-time; 4 years full-time ; 6 years part-time,https://www.brunel.ac.uk/study/undergraduate/film-production-ba
Finance and Accounting BSc,Undergraduate,3 years full-time; 4 years full-time,https://www.brunel.ac.uk/study/undergraduate/finance-and-accounting-bsc
Finance and Accounting MSc,Postgraduate,1 year full-time; 16 months full-time ; 2 years full-time,https://www.brunel.ac.uk/study/postgraduate/finance-and-accounting-msc
Finance and Investment MSc,Postgraduate,1 year full-time; 16 months full-time ; 2 years full-time,https://www.brunel.ac.uk/study/postgraduate/finance-and-investment-msc
Financial Markets CPD,CPD,,https://www.brunel.ac.uk/study/postgraduate/financial-markets-cpd
Financial Mathematics BSc,Undergraduate,3 years full-time; 4 years full-time,https://www.brunel.ac.uk/study/undergraduate/financial-mathematics-bsc
Financial Mathematics MMath,Undergraduate,4 years full-time; 5 years full-time,https://www.brunel.ac.uk/study/undergraduate/financial-mathematics-mmath
Financial Mathematics MSc,Postgraduate,1 year full-time,https://www.brunel.ac.uk/study/postgraduate/financial-mathematics-msc
Flood and Coastal Engineering (with Infrastructure Design) MSc,Postgraduate,1 year full-time; 14 months full-time; 2 or 3 years part-time,https://www.brunel.ac.uk/study/postgraduate/flood-and-coastal-engineering-with-infrastructure-design-msc
Flood and Coastal Engineering (with Project Risk Management) MSc,Postgraduate,1 year full-time; 14 months full-time; 2 or 3 years part-time,https://www.brunel.ac.uk/study/postgraduate/flood-and-coastal-engineering-with-project-risk-management-msc
Games Design and Creative Writing BA,Undergraduate,3 years full-time,https://www.brunel.ac.uk/study/undergraduate/games-design-and-creative-writing-ba
Games Design BA,Undergraduate,3 years full-time,https://www.brunel.ac.uk/study/undergraduate/games-design-ba
Games Design PhD,PhD & Research,3 years full-time; 6 years part-time,https://www.brunel.ac.uk/study/postgraduate/games-design-phd
Geography BSc,Undergraduate,3 years full-time; 4 years full-time,https://www.brunel.ac.uk/study/undergraduate/geography-bsc
Global Challenges (Global Innovation) BASc,Undergraduate,3 years full-time; 4 years full-time,https://www.brunel.ac.uk/study/undergraduate/global-challenges-global-innovation-basc
Global Challenges (Planetary Health) BASc,Undergraduate,3 years full-time; 4 years full-time,https://www.brunel.ac.uk/study/undergraduate/global-challenges-planetary-health-basc
Global Challenges (Security) BASc,Undergraduate,3 years full-time; 4 years full-time,https://www.brunel.ac.uk/study/undergraduate/global-challenges-security-basc
Global Challenges (Social Cohesion) BASc,Undergraduate,3 years full-time; 4 years full-time,https://www.brunel.ac.uk/study/undergraduate/global-challenges-social-cohesion-basc
Global Challenges PhD,PhD & Research,3 years full-time,https://www.brunel.ac.uk/study/postgraduate/phd-global-challenges
Global Supply Chain Management MSc (Brunel Business School),Postgraduate,1 year full-time; 15 months full-time,https://www.brunel.ac.uk/study/postgraduate/global-supply-chain-management-msc
Health Economics PhD,PhD & Research,3 years full-time; 6 years part-time,https://www.brunel.ac.uk/study/postgraduate/phd-health-economics
Health Sciences Integrated PhD,PhD & Research,4 years full-time,https://www.brunel.ac.uk/study/postgraduate/health-sciences-integrated-phd
History and International Relations BA,Undergraduate,3 years full-time; 4 years full-time,https://www.brunel.ac.uk/study/undergraduate/history-and-international-relations-ba
History BA,Undergraduate,3 years full-time; 4 years full-time,https://www.brunel.ac.uk/study/undergraduate/history-ba
Human Geography and Anthropology BSc,Undergraduate,3 years full-time; 4 years full-time,https://www.brunel.ac.uk/study/undergraduate/human-geography-and-anthropology-bsc
"Human Performance, Exercise and Rehabilitation PhD",PhD & Research,3 years full-time; 6 years part-time,https://www.brunel.ac.uk/study/postgraduate/human-performance-exercise-and-rehabilitation-phd
Human Resource Management BSc (Brunel Business School),Undergraduate,3 years full-time; 4 years full-time,https://www.brunel.ac.uk/study/undergraduate/human-resource-management-bsc
Human Resource Management MSc (Brunel Business School),Postgraduate,1 year full-time; 2 years full-time ; 16 months full-time ; 15 months full-time; 27 months full-time ; 19 months full-time,https://www.brunel.ac.uk/study/postgraduate/human-resource-management-msc
Industrial Design BA,Undergraduate,3 years full-time; 4 years full-time,https://www.brunel.ac.uk/study/undergraduate/industrial-design-ba
Industrial Design BA MDes,Undergraduate,3 years full-time; 4 years full-time ; 4 years full-time; 5 years full-time,https://www.brunel.ac.uk/study/undergraduate/industrial-design-ba-mdes
Industrial Design MDes,Undergraduate,4 years full-time; 5 years full-time,https://www.brunel.ac.uk/study/undergraduate/industrial-design-mdes
Information Systems and Computing Integrated PhD,PhD & Research,4 years full-time,https://www.brunel.ac.uk/study/postgraduate/information-systems-and-computing-integrated-phd
Integrated Product Design MSc,Postgraduate,1 year full-time,https://www.brunel.ac.uk/study/postgraduate/integrated-product-design-msc
Intellectual Property Law LLM,Postgraduate,12-15 months full-time; 16-27 months with placement full-time; 24-27 months part-time; 27-36 months with placement part-time,https://www.brunel.ac.uk/study/postgraduate/intellectual-property-law-llm
Intellectual Property Law Postgraduate Certificate,Postgraduate,8 months part-time; 1 year part-time,https://www.brunel.ac.uk/study/postgraduate/intellectual-property-law-postgraduate-certificate
Intelligence Analysis PG Cert (Distance Learning),Postgraduate,9 months part-time distance learning,https://www.brunel.ac.uk/study/postgraduate/intelligence-analysis-pg-cert-distance-learning
Intelligence and Security Studies (Distance Learning) MA,Postgraduate,2 years part-time distance learning,https://www.brunel.ac.uk/study/postgraduate/intelligence-and-security-studies-distance-learning-ma
Intelligence and Security Studies MA,Postgraduate,1 year full-time; 2 years part-time,https://www.brunel.ac.uk/study/postgraduate/intelligence-and-security-studies-ma
Intelligence and Security Studies PhD,PhD & Research,3 years full-time; 6 years part-time,https://www.brunel.ac.uk/study/postgraduate/intelligence-and-security-studies-phd
International Business BSc (Brunel Business School),Undergraduate,3 year full-time; 4 year full-time,https://www.brunel.ac.uk/study/undergraduate/international-business-bsc
International Business MSc (Brunel Business School),Postgraduate,1 year full-time; 16 months full-time ; 2 years full-time ; 15 months full-time; 19 months full-time ; 27 months full-time,https://www.brunel.ac.uk/study/postgraduate/international-business-msc
International Commercial Law LLM,Postgraduate,12-15 months full-time; 16-27 months with placement full-time; 24-27 months part-time; 27-36 months with placement part-time,https://www.brunel.ac.uk/study/postgraduate/international-commercial-law-llm
International Financial Regulation and Corporate Law LLM,Postgraduate,12-15 months full-time; 16-27 months with placement full-time; 24-27 months part-time; 27-36 months with placement part-time,https://www.brunel.ac.uk/study/postgraduate/international-financial-regulation-and-corporate-law-llm
International Human Rights Law LLM,Postgraduate,12-15 months full-time; 16-27 months with placement full-time; 24-27 months part-time; 27-36 months with placement part-time,https://www.brunel.ac.uk/study/postgraduate/international-human-rights-law-llm
International Journalism MA,Postgraduate,1 year full-time; 2 years part-time,https://www.brunel.ac.uk/study/postgraduate/international-journalism-ma
International Politics BSc,Undergraduate,3 years full-time; 4 years full-time,https://www.brunel.ac.uk/study/undergraduate/international-politics-bsc
International Relations and History BSc,Undergraduate,3 years full-time; 4 years full-time,https://www.brunel.ac.uk/study/undergraduate/international-relations-and-history-bsc
International Relations MA,Postgraduate,1 year full-time; 15 months full-time ; 2 years part-time; 2.5 years part-time,https://www.brunel.ac.uk/study/postgraduate/international-relations-ma
Journalism (Communication) BA,Undergraduate,3 years full-time,https://www.brunel.ac.uk/study/undergraduate/journalism-communication-ba
Journalism (Politics) BA,Undergraduate,3 years full-time,https://www.brunel.ac.uk/study/undergraduate/journalism-politics-ba
Journalism PhD,PhD & Research,3 years full-time; 6 years part-time,https://www.brunel.ac.uk/study/postgraduate/phd-journalism
Law (Graduate Entry) LLB,Undergraduate,2 years full-time; 3 years full-time,https://www.brunel.ac.uk/study/undergraduate/law-graduate-entry-llb
Law Integrated PhD,PhD & Research,4 years full-time,https://www.brunel.ac.uk/study/postgraduate/law-integrated-phd
Law LLB,Undergraduate,3 years full-time; 4 years full-time,https://www.brunel.ac.uk/study/undergraduate/law-llb
Law PhD,PhD & Research,3 years full-time; 6 years part-time,https://www.brunel.ac.uk/study/postgraduate/phd-law
Law with Criminal Justice LLB,Undergraduate,3 years full-time; 4 years full-time,https://www.brunel.ac.uk/study/undergraduate/law-with-criminal-justice-llb
Law with International Arbitration and Commercial Law LLB,Undergraduate,3 years full-time; 4 years full-time,https://www.brunel.ac.uk/study/undergraduate/law-with-international-arbitration-and-commercial-law-llb
Life Sciences BSc,Undergraduate,3 years full-time; 4 years full-time,https://www.brunel.ac.uk/study/undergraduate/life-sciences-bsc
Life Sciences Integrated PhD,PhD & Research,4 years full-time,https://www.brunel.ac.uk/study/postgraduate/life-sciences-integrated-phd
Lightweight Structures and Impact Engineering MSc,Postgraduate,1 year full-time; 2 years part-time; 24 months full-time,https://www.brunel.ac.uk/study/postgraduate/lightweight-structures-and-impact-engineering-msc
Management MSc (Brunel Business School),Postgraduate,1 year full-time; 16 months full-time ; 2 years full-time ; 15 months full-time; 19 months full-time ; 27 months full-time,https://www.brunel.ac.uk/study/postgraduate/management-msc
Management PhD (Brunel Business School),PhD & Research,3 years full-time; 6 years part-time,https://www.brunel.ac.uk/study/postgraduate/phd-management
Manufacturing and Enterprise Engineering PhD,PhD & Research,3 years full-time; 6 years part-time,https://www.brunel.ac.uk/study/postgraduate/phd-manufacturing-enterprise-engineering
Marketing BSc (Brunel Business School),Undergraduate,3 years full-time; 4 years full-time,https://www.brunel.ac.uk/study/undergraduate/marketing-bsc
Marketing MSc (Brunel Business School),Postgraduate,1 year full-time; 16 months full-time ; 2 years full-time ; 15 months full-time; 19 months full-time ; 27 months full-time,https://www.brunel.ac.uk/study/postgraduate/marketing-msc
Master of Laws (LLM Law),Postgraduate,12-15 months full-time; 16-27 months with placement full-time; 24-27 months part-time; 27-36 months with placement part-time,https://www.brunel.ac.uk/study/postgraduate/master-of-laws-llm-law
Materials Characterisation and Processing PhD,PhD & Research,3 years full-time; 6 years part-time,https://www.brunel.ac.uk/study/postgraduate/materials-characterisation-and-processing-phd
Materials Engineering PhD,PhD & Research,3 years full-time; 6 years part-time,https://www.brunel.ac.uk/study/postgraduate/phd-materials-engineering
Mathematical Sciences Integrated PhD,PhD & Research,4 years full-time,https://www.brunel.ac.uk/study/postgraduate/mathematical-sciences-integrated-phd
Mathematics and Computing with Integrated Foundation Year,Undergraduate; Foundation,4 years full-time; 5 years full-time,https://www.brunel.ac.uk/study/undergraduate/mathematics-and-computing-with-integrated-foundation-year
Mathematics BSc,Undergraduate,3 years full-time; 4 years full-time,https://www.brunel.ac.uk/study/undergraduate/mathematics-bsc
Mathematics for Data Science BSc,Undergraduate,3 years full-time; 4 years full-time,https://www.brunel.ac.uk/study/undergraduate/mathematics-for-data-science-bsc
Mathematics MMath,Undergraduate,4 years full-time; 5 years full-time,https://www.brunel.ac.uk/study/undergraduate/mathematics-mmath
Mathematics PhD,PhD & Research,3 years full-time; 6 years part-time,https://www.brunel.ac.uk/study/postgraduate/phd-mathematics
Mathematics with Computer Science BSc,Undergraduate,3 years full-time; 4 years full-time,https://www.brunel.ac.uk/study/undergraduate/mathematics-with-computer-science-bsc
Mechanical and Aerospace Engineering Integrated PhD,PhD & Research,4 years full-time,https://www.brunel.ac.uk/study/postgraduate/mechanical-and-aerospace-engineering-integrated-phd
Mechanical Engineering BEng,Undergraduate,3 years full-time; 4 years full-time,https://www.brunel.ac.uk/study/undergraduate/mechanical-engineering-beng
Mechanical Engineering Integrated PhD,PhD & Research,4 years full-time,https://www.brunel.ac.uk/study/postgraduate/mechanical-engineering-integrated-phd
Mechanical Engineering MEng,Undergraduate,4 years full-time; 5 years full-time,https://www.brunel.ac.uk/study/undergraduate/mechanical-engineering-meng
Mechanical Engineering PhD,PhD & Research,3 years full-time; 6 years part-time,https://www.brunel.ac.uk/study/postgraduate/phd-mechanical-engineering
Mechanisms and Therapy in Cancer MSc,Postgraduate,1 year full-time; 2 years part-time,https://www.brunel.ac.uk/study/postgraduate/mechanisms-and-therapy-in-cancer-msc
Mechanisms and Therapy in Infection and Inflammation MSc,Postgraduate,1 year full-time; 2 years part-time,https://www.brunel.ac.uk/study/postgraduate/mechanisms-and-therapy-in-infection-and-inflammation-msc
Media and Communications (Media Practice) MSc,Postgraduate,1 year full-time full-time; 2 years full-time part-time,https://www.brunel.ac.uk/study/postgraduate/media-and-communications-media-practice-msc
Media and Communications BSc,Undergraduate,3 years full-time; 4 years full-time ; 4 years full-time,https://www.brunel.ac.uk/study/undergraduate/media-and-communications-bsc
Media and Communications MSc,Postgraduate,1 year full-time; 2 years full-time part-time,https://www.brunel.ac.uk/study/postgraduate/media-and-communications-msc
Media and Public Relations MA,Postgraduate,1 year full-time; 2 years part-time,https://www.brunel.ac.uk/study/postgraduate/media-and-public-relations-ma
Medical Anthropology MSc,Postgraduate,1 year full-time; 2 or 2.5 years part-time,https://www.brunel.ac.uk/study/postgraduate/medical-anthropology-msc
Medicine MBBS,Undergraduate,5 years full-time,https://www.brunel.ac.uk/study/undergraduate/medicine-mbbs
Metallurgy PhD,PhD & Research,3 years full-time; 6 years part-time,https://www.brunel.ac.uk/study/postgraduate/phd-metallurgy
Micro-Nano Manufacturing PhD,PhD & Research,3 years full-time; 6 years part-time,https://www.brunel.ac.uk/study/postgraduate/micro-nano-manufacturing-phd
Military and International History BA,Undergraduate,3 years full-time; 4 years full-time,https://www.brunel.ac.uk/study/undergraduate/military-and-international-history-ba
Musculoskeletal Ultrasound Foot and Ankle PgCert,Postgraduate,12 Months part-time,https://www.brunel.ac.uk/study/postgraduate/musculoskeletal-ultrasound-foot-and-ankle-pg-cert
Musculoskeletal Ultrasound PgCert,Postgraduate,1 year part-time,https://www.brunel.ac.uk/study/postgraduate/musculoskeletal-ultrasound-pgcert
Music (Production) BA,Undergraduate,3 years full-time; 4 years full-time ; 4.5 to 6 years part-time,https://www.brunel.ac.uk/study/undergraduate/music-production-ba
Music BA,Undergraduate,3 years full-time; 4 years full-time ; 4.5 to 6 years part-time,https://www.brunel.ac.uk/study/undergraduate/music-ba
Music PhD,PhD & Research,3 years full-time; 6 years part-time,https://www.brunel.ac.uk/study/postgraduate/phd-music
Nursing (Adult) BSc,Undergraduate,3 years full-time,https://www.brunel.ac.uk/study/undergraduate/nursing-adult-bsc
Nursing (Child Health) BSc,Undergraduate,3 years full-time,https://www.brunel.ac.uk/study/undergraduate/nursing-child-health-bsc
Nursing (Mental Health) BSc,Undergraduate,3 years full-time,https://www.brunel.ac.uk/study/undergraduate/nursing-mental-health-bsc
Occupational Therapy (Pre-registration) MSc,Postgraduate,2 years full-time,https://www.brunel.ac.uk/study/postgraduate/occupational-therapy-pre-registration-msc
Occupational Therapy BSc,Undergraduate,3 years full-time,https://www.brunel.ac.uk/study/undergraduate/occupational-therapy-bsc
Occupational Therapy PhD,PhD & Research,3 years full-time; 6 years part-time,https://www.brunel.ac.uk/study/postgraduate/phd-occupational-therapy
Oil and Gas Engineering MSc,Postgraduate,1 year full-time; 2 years part-time,https://www.brunel.ac.uk/study/postgraduate/oil-and-gas-engineering-msc
PGCE in Primary Education (5-11 years) with recommendation for QTS,Postgraduate,1 year full-time,https://www.brunel.ac.uk/study/postgraduate/pgce-in-primary-education-5-11-years-with-recommendation-for-qts
PGCE in Secondary Education (English) with Recommendation for QTS,Postgraduate,1 year full-time,https://www.brunel.ac.uk/study/postgraduate/pgce-in-secondary-education-english-with-recommendation-for-qts
PGCE in Secondary Education (Mathematics) with recommendation for QTS,Postgraduate,1 year full-time,https://www.brunel.ac.uk/study/postgraduate/pgce-in-secondary-education-mathematics-with-recommendation-for-qts
PGCE in Secondary Education (Physical Education) with Recommendation for QTS,Postgraduate,1 year full-time,https://www.brunel.ac.uk/study/postgraduate/pgce-in-secondary-education-physical-education-with-recommendation-for-qts
PGCE in Secondary Education (Physics with Mathematics) with recommendation for QTS,Postgraduate,1 year full-time,https://www.brunel.ac.uk/study/postgraduate/pgce-in-secondary-education-physics-with-mathematics-with-recommendation-for-qts
PGCE in Secondary Education (Science with Biology) with recommendation for QTS,Postgraduate,1 year full-time,https://www.brunel.ac.uk/study/postgraduate/pgce-in-secondary-education-science-with-biology-with-recommendation-for-qts
PGCE in Secondary Education (Science with Chemistry) with recommendation for QTS,Postgraduate,1 year full-time,https://www.brunel.ac.uk/study/postgraduate/pgce-in-secondary-education-science-with-chemistry-with-recommendation-for-qts
PGCE in Secondary Education (Science with Physics) with recommendation for QTS,Postgraduate,1 year full-time,https://www.brunel.ac.uk/study/postgraduate/pgce-in-secondary-education-science-with-physics-with-recommendation-for-qts
PhD without residence - Ahlia (Brunel Business School),PhD & Research,3 years full-time; 6 years part-time,https://www.brunel.ac.uk/study/postgraduate/phd-without-residence-ahlia
Physician Associate MSc,Postgraduate,2 years full-time,https://www.brunel.ac.uk/study/postgraduate/physician-associate-msc
Physiotherapy (Pre-registration) MSc,Postgraduate,2 years full-time,https://www.brunel.ac.uk/study/postgraduate/physiotherapy-pre-registration-msc
Physiotherapy BSc,Undergraduate,3 years full-time,https://www.brunel.ac.uk/study/undergraduate/physiotherapy-bsc
Physiotherapy PhD,PhD & Research,3 years full-time; 6 years part-time,https://www.brunel.ac.uk/study/postgraduate/phd-physiotherapy
Political Communication MSc,Postgraduate,1 year full-time,https://www.brunel.ac.uk/study/postgraduate/political-communication-msc
Politics and History BSc,Undergraduate,3 years full-time; 4 years full-time,https://www.brunel.ac.uk/study/undergraduate/politics-and-history-bsc
Politics and History PhD,PhD & Research,3 years full-time; 6 years part-time,https://www.brunel.ac.uk/study/postgraduate/phd-politics-and-history
Politics and Sociology BSc,Undergraduate,3 years full-time; 4 years full-time,https://www.brunel.ac.uk/study/undergraduate/politics-and-sociology-bsc
Politics BSc,Undergraduate,3 years full-time; 4 years full-time,https://www.brunel.ac.uk/study/undergraduate/politics-bsc
Pre-sessional English,Pre-sessional,,https://www.brunel.ac.uk/study/undergraduate/pre-sessional-english
Pre-sessional for Brunel Pathway College,Pre-sessional,,https://www.brunel.ac.uk/study/undergraduate/pre-sessional-for-brunel-pathway-college
Product Design Engineering BSc,Undergraduate,3 years full-time; 4 years full-time,https://www.brunel.ac.uk/study/undergraduate/product-design-engineering-bsc-2
Product Design Engineering BSc,Undergraduate,3 years full-time; 4 years full-time,https://www.brunel.ac.uk/study/undergraduate/product-design-engineering-bsc
Product Design Engineering MDes,Undergraduate,4 years full-time; 5 years full-time,https://www.brunel.ac.uk/study/undergraduate/product-design-engineering-mdes
Project and Infrastructure Management MSc,Postgraduate,1 year full-time; 14 months full-time,https://www.brunel.ac.uk/study/postgraduate/project-and-infrastructure-management-msc
Psychological and Psychiatric Anthropology MSc,Postgraduate,1 year full-time; 2 or 2.5 years part-time,https://www.brunel.ac.uk/study/postgraduate/psychological-and-psychiatric-anthropology-msc
Psychological Sciences (Conversion) MSc,Postgraduate,1 year full-time; 2 years part-time,https://www.brunel.ac.uk/study/postgraduate/psychological-sciences-conversion-msc
"Psychology (Sport, Health and Exercise) BSc",Undergraduate,3 years full-time; 4 years full-time,https://www.brunel.ac.uk/study/undergraduate/psychology-sport-health-and-exercise-bsc
Psychology BSc,Undergraduate,3 years full-time; 4 years full-time,https://www.brunel.ac.uk/study/undergraduate/psychology-bsc
Psychology PhD,PhD & Research,3 years full-time; 6 years part-time,https://www.brunel.ac.uk/study/postgraduate/phd-psychology
"Psychology, Culture and Evolution MSc",Postgraduate,1 year full-time; 2 years part-time,https://www.brunel.ac.uk/study/postgraduate/psychology-culture-and-evolution-msc
Public Health and Health Promotion MSc,Postgraduate,1 year full-time; 2 years part-time,https://www.brunel.ac.uk/study/postgraduate/public-health-and-health-promotion-msc
Public Health and Health Promotion PhD,PhD & Research,3 years full-time; 6 years part-time,https://www.brunel.ac.uk/study/postgraduate/public-health-and-health-promotion-phd
Renewable Energy Engineering MSc,Postgraduate,1 year full-time; 3 years part-time distance learning,https://www.brunel.ac.uk/study/postgraduate/renewable-energy-engineering-msc
Resource Efficient Future Cities PhD,PhD & Research,3 years full-time; 6 years part-time,https://www.brunel.ac.uk/study/postgraduate/resource-efficient-future-cities-phd
Screen Media (Film and TV) PhD,PhD & Research,3 years full-time; 6 years part-time,https://www.brunel.ac.uk/study/postgraduate/phd-screen-media
Smart Power Networks PhD,PhD & Research,3 years full-time; 6 years part-time,https://www.brunel.ac.uk/study/postgraduate/smart-power-networks-phd
Social Anthropology MRes,Postgraduate,1 year full-time; 2 or 2.5 years part-time,https://www.brunel.ac.uk/study/postgraduate/social-anthropology-mres
Social Work MSc,Postgraduate,2 years full-time; 4 years part-time,https://www.brunel.ac.uk/study/postgraduate/social-work-msc
Social Work PhD,PhD & Research,3 years full-time; 6 years part-time,https://www.brunel.ac.uk/study/postgraduate/phd-social-work
Sociology (Digital Media) BSc,Undergraduate,3 years full-time; 4 years full-time ; 4 years full-time,https://www.brunel.ac.uk/study/undergraduate/sociology-digital-media-bsc
Sociology and Communication PhD,PhD & Research,3 years full-time; 6 months part-time,https://www.brunel.ac.uk/study/postgraduate/phd-sociology-and-communication
Sociology BSc,Undergraduate,3 years full-time; 4 years full-time ; 4 years full-time,https://www.brunel.ac.uk/study/undergraduate/sociology-bsc
Specialist Community Public Health Nursing BSc,Undergraduate,1 year full-time; 2 years part-time,https://www.brunel.ac.uk/study/undergraduate/specialist-community-public-health-nursing-bsc
Specialist Community Public Health Nursing PgDip and MSc,Postgraduate,52 weeks full-time; 104 weeks part-time,https://www.brunel.ac.uk/study/postgraduate/specialist-community-public-health-nursing-pgdip-and-msc
Sport and Exercise Psychology MSc,Postgraduate,1 year full-time; 2 years part-time,https://www.brunel.ac.uk/study/postgraduate/sport-and-exercise-psychology-msc
"Sport, Health and Exercise Sciences (Physical Education, Coaching and Social Issues) BSc",Undergraduate,3 years full-time; 3 years full-time compressed-sandwich; 4 years full-time,https://www.brunel.ac.uk/study/undergraduate/sport-health-and-exercise-sciences-physical-education-coaching-and-social-issues-bsc
"Sport, Health and Exercise Sciences BSc",Undergraduate,3 years full-time; 3 years full-time compressed-sandwich; 4 years full-time,https://www.brunel.ac.uk/study/undergraduate/sport-health-and-exercise-sciences-bsc
"Sport, Health and Exercise Sciences MSc",Postgraduate,1 year full-time; 2 years part-time,https://www.brunel.ac.uk/study/postgraduate/sport-health-and-exercise-sciences-msc
"Sport, Health and Exercise Sciences PhD",PhD & Research,3 years full-time; 6 years part-time,https://www.brunel.ac.uk/study/postgraduate/phd-sport-sciences
"Sport, Health and Exercise Sciences with Business Studies BSc",Undergraduate,3 years full-time; 3 years full-time compressed-sandwich; 4 years full-time,https://www.brunel.ac.uk/study/undergraduate/sport-health-and-exercise-sciences-with-business-studies-bsc
Statistics with Data Analytics MSc,Postgraduate,1 year full-time; 2 years part-time,https://www.brunel.ac.uk/study/postgraduate/statistics-with-data-analytics-msc
Structural Engineering MSc,Postgraduate,1 year full-time; 14 months full-time,https://www.brunel.ac.uk/study/postgraduate/structural-engineering-msc
Structural Integrity (Asset Reliability Management) MSc,Postgraduate,1 year full-time; 2 years part-time,https://www.brunel.ac.uk/study/postgraduate/structural-integrity-asset-reliability-management-msc
Structural Integrity PhD,PhD & Research,3 years full-time; 6 years part-time,https://www.brunel.ac.uk/study/postgraduate/structural-integrity-phd
"Sustainability, Entrepreneurship and Design MSc",Postgraduate,1 year full-time; 21 months full-time,https://www.brunel.ac.uk/study/postgraduate/sustainability-entrepreneurship-and-design-msc
Sustainable Electrical Power MSc,Postgraduate,1 year full-time; 2 years part-time,https://www.brunel.ac.uk/study/postgraduate/sustainable-electrical-power-msc
Synthetic Biology PhD,PhD & Research,3 years full-time; 6 years part-time,https://www.brunel.ac.uk/study/postgraduate/synthetic-biology-phd
Theatre and Creative Writing BA,Undergraduate,3 years full-time; 4 years full-time ; 4 to 7 years part-time,https://www.brunel.ac.uk/study/undergraduate/theatre-and-creative-writing-ba
Theatre and English BA,Undergraduate,3 years full-time; 4 years full-time ; 4.5 to 6 years part-time,https://www.brunel.ac.uk/study/undergraduate/theatre-and-english-ba
Theatre BA,Undergraduate,3 years full-time; 4 years full-time ; 4-7 years part-time,https://www.brunel.ac.uk/study/undergraduate/theatre-ba
Theatre PhD,PhD & Research,3 years full-time; 6 years part-time,https://www.brunel.ac.uk/study/postgraduate/phd-theatre
Ultrasound Guided Injection Therapy,Postgraduate,4 months part-time,https://www.brunel.ac.uk/study/postgraduate/ultrasound-guided-injection-therapy-pgcert
Undergraduate Pathway in Accountancy,Foundation,2 semesters full-time,https://www.brunel.ac.uk/study/undergraduate/undergraduate-pathway-in-accountancy-brunel-pathway-college
Undergraduate Pathway in Business and Management (Brunel Business School),Foundation,Foundation: 2 semesters full-time; First Year: 2 semesters full-time,https://www.brunel.ac.uk/study/undergraduate/undergraduate-pathway-in-business-and-management-brunel-pathway-college
Undergraduate Pathway in Computer Science,Foundation,"Foundation: 2 semesters, First year: 2 semesters full-time",https://www.brunel.ac.uk/study/undergraduate/undergraduate-pathway-in-computer-science-brunel-pathway-college
Undergraduate Pathway in Design,Foundation,2 semesters full-time,https://www.brunel.ac.uk/study/undergraduate/undergraduate-pathway-in-design-brunel-pathway-college
Undergraduate Pathway in Economics and Finance,Foundation,2 semesters full-time,https://www.brunel.ac.uk/study/undergraduate/undergraduate-pathway-in-economics-and-finance-brunel-pathway-college
Undergraduate Pathway in Engineering,Foundation,2 semesters full-time,https://www.brunel.ac.uk/study/undergraduate/undergraduate-pathway-in-engineering-brunel-pathway-college
"Undergraduate Pathway in Humanities, Social Sciences Education and Psychology",Foundation,2 semesters full-time,https://www.brunel.ac.uk/study/undergraduate/undergraduate-pathway-in-humanities-social-sciences-education-psychology-brunel-pathway-college
Undergraduate Pathway in Law,Foundation,2 semesters full-time,https://www.brunel.ac.uk/study/undergraduate/undergraduate-pathway-in-law-brunel-pathway-college
Undergraduate Pathway in Life Sciences,Foundation,2 semesters full-time,https://www.brunel.ac.uk/study/undergraduate/undergraduate-pathway-in-life-sciences-brunel-pathway-college
Visual Effects and Motion Graphics BSc,Undergraduate,3 years full-time; 4 years full-time,https://www.brunel.ac.uk/study/undergraduate/visual-effects-and-motion-graphics-bsc
Water and Environmental Engineering MSc,Postgraduate,1 year full-time; 14 months full-time,https://www.brunel.ac.uk/study/postgraduate/water-and-environmental-engineering-msc
"Welfare, Health and Wellbeing PhD",PhD & Research,3 years full-time; 6 years part-time,https://www.brunel.ac.uk/study/postgraduate/welfare-health-and-wellbeing-phd
Wireless and Computer Communication Networks MSc,Postgraduate,1 year full-time; 14 months full-time,https://www.brunel.ac.uk/study/postgraduate/wireless-and-computer-communication-networks-systems-msc
