Course_Title,Study_Level,Start_Date,Course_Link
Accountancy and Financial Management (Top-up) BA (Hons),BA (Hons),September 2024,https://www.port.ac.uk/study/courses/undergraduate/ba-hons-accountancy-and-financial-management-top-up
Accounting and Data Analytics MSc,MSc,September 2024,https://www.port.ac.uk/study/courses/postgraduate-taught/msc-accounting-and-data-analytics
Accounting and Finance MSc,MSc,September 2024,https://www.port.ac.uk/study/courses/postgraduate-taught/msc-accounting-and-finance
"Accounting PhD, MPhil and postgraduate research degrees",NA,NA,https://www.port.ac.uk/study/courses/postgraduate-research/pgr-accounting
Accounting with Finance BA (Hons),BA (Hons),September 2024,https://www.port.ac.uk/study/courses/undergraduate/ba-hons-accounting-with-finance
Accounting with International Finance (Top-up) BSc (Hons),BSc (Hons),September 2024,https://www.port.ac.uk/study/courses/undergraduate/bsc-hons-accounting-with-international-finance-top-up
Adult Nursing MN,MN,September 2024,https://www.port.ac.uk/study/courses/postgraduate-taught/mn-adult-nursing
Advanced Aesthetic and Restorative Dentistry (Top-up) MSc,MSc,March 2024,https://www.port.ac.uk/study/courses/postgraduate-taught/msc-advanced-aesthetic-and-restorative-dentistry-top-up
Advanced Clinical Practice MSc,MSc,September 2024,https://www.port.ac.uk/study/courses/postgraduate-taught/msc-advanced-clinical-practice
Advanced Dental Nursing Professional Practice top-up BSc (Hons),BSc (Hons),September 2024,https://www.port.ac.uk/study/courses/undergraduate/bsc-hons-advanced-dental-nursing-professional-practice-top-up
Advanced Digital Dentistry (Top Up) MSc,MSc,March 2025,https://www.port.ac.uk/study/courses/postgraduate-taught/msc-advanced-digital-dentistry-top-up
Advanced Manufacturing MSc,MSc,January 2024,https://www.port.ac.uk/study/courses/postgraduate-taught/msc-advanced-manufacturing
Advanced Restorative Dental Therapy (Top-up) MSc,MSc,September 2024,https://www.port.ac.uk/study/courses/postgraduate-taught/msc-advanced-restorative-dental-therapy-top-up
Animation BA (Hons),BA (Hons),September 2024,https://www.port.ac.uk/study/courses/undergraduate/ba-hons-animation
Applied Aquatic Biology MSc,MSc,September 2024,https://www.port.ac.uk/study/courses/postgraduate-taught/msc-applied-aquatic-biology
Applied Biomedical Science Degree Apprenticeship BSc (Hons),BSc (Hons),September 2024,https://www.port.ac.uk/study/courses/undergraduate/bsc-hons-applied-biomedical-science-degree-apprenticeship
Applied Computing (Learning at Work) BSc (Hons),BSc (Hons),January 2024,https://www.port.ac.uk/study/courses/undergraduate/bsc-hons-applied-computing-learning-at-work
Applied Computing (Learning at Work) MSc,MSc,January 2024,https://www.port.ac.uk/study/courses/postgraduate-taught/msc-applied-computing-learning-at-work
Applied Languages BA (Hons),BA (Hons),September 2024,https://www.port.ac.uk/study/courses/undergraduate/ba-hons-applied-languages
Applied Linguistics and TESOL MA,MA,January 2024,https://www.port.ac.uk/study/courses/postgraduate-taught/ma-applied-linguistics-and-tesol
Applied Linguistics and TESOL (with Professional Experience) MA,MA,January 2024,https://www.port.ac.uk/study/courses/postgraduate-taught/ma-applied-linguistics-and-tesol-with-professional-experience
Applied Science (Learning at Work) BSc (Hons),BSc (Hons),January 2024,https://www.port.ac.uk/study/courses/undergraduate/bsc-hons-applied-science-learning-at-work
Applied Science (Learning at Work) MSc,MSc,January 2024,https://www.port.ac.uk/study/courses/postgraduate-taught/msc-applied-science-learning-at-work
Architect Degree Apprenticeship (Master of Architecture and Professional Practice) MArch,MArch,September 2024,https://www.port.ac.uk/study/courses/postgraduate-taught/march-architect-degree-apprenticeship
Architectural Assistant Degree Apprenticeship BA (Hons),BA (Hons),September 2024,https://www.port.ac.uk/study/courses/undergraduate/ba-hons-architectural-assistant-degree-apprenticeship
Architecture BA (Hons),BA (Hons),September 2024,https://www.port.ac.uk/study/courses/undergraduate/ba-hons-architecture
Architecture MArch,MArch,September 2024,https://www.port.ac.uk/study/courses/postgraduate-taught/march-architecture
Architecture MA,MA,January 2024,https://www.port.ac.uk/study/courses/postgraduate-taught/ma-architecture
"Architecture, interiors and urbanism postgraduate research degrees",NA,NA,https://www.port.ac.uk/study/courses/postgraduate-research/pgr-architecture-interiors-and-urbanism
Architecture: Building and Heritage Conservation MA,MA,January 2024,https://www.port.ac.uk/study/courses/postgraduate-taught/ma-architecture-building-and-heritage-conservation
Architecture: Landscape and Urban Design MA,MA,January 2024,https://www.port.ac.uk/study/courses/postgraduate-taught/ma-architecture-landscape-and-urban-design
Architecture: Spatial Design Practices MA,MA,January 2024,https://www.port.ac.uk/study/courses/postgraduate-taught/ma-architecture-spatial-design-practices
Area studies postgraduate research degrees,NA,NA,https://www.port.ac.uk/study/courses/postgraduate-research/pgr-area-studies
Art and design postgraduate research degrees,NA,NA,https://www.port.ac.uk/study/courses/postgraduate-research/pgr-art-and-design
Artificial Intelligence and Machine Learning MSc,MSc,September 2024,https://www.port.ac.uk/study/courses/postgraduate-taught/msc-artificial-intelligence-and-machine-learning
Biochemistry BSc (Hons),BSc (Hons),September 2024,https://www.port.ac.uk/study/courses/undergraduate/bsc-hons-biochemistry
Biological sciences postgraduate research degrees,NA,NA,https://www.port.ac.uk/study/courses/postgraduate-research/pgr-biological-sciences
Biology BSc (Hons),BSc (Hons),September 2024,https://www.port.ac.uk/study/courses/undergraduate/bsc-hons-biology
Biomedical Engineering MSc,MSc,September 2024,https://www.port.ac.uk/study/courses/postgraduate-taught/msc-biomedical-engineering
Biomedical Science BSc (Hons),BSc (Hons),September 2024,https://www.port.ac.uk/study/courses/undergraduate/bsc-hons-biomedical-science
Biomedical Science with Human Biosciences (Dual Degree) BSc (Hons),BSc (Hons),September 2024,https://www.port.ac.uk/study/courses/undergraduate/bsc-hons-biomedical-science-with-human-biosciences-dual-degree
Biotechnology MSc,MSc,January 2024,https://www.port.ac.uk/study/courses/postgraduate-taught/msc-biotechnology
Building Information Management MSc,MSc,January 2024,https://www.port.ac.uk/study/courses/postgraduate-taught/msc-building-information-management
Building Surveying BSc (Hons),BSc (Hons),September 2024,https://www.port.ac.uk/study/courses/undergraduate/bsc-hons-building-surveying
Business HND,HND,September 2024,https://www.port.ac.uk/study/courses/undergraduate/hnd-business
Business (Learning at Work) BA (Hons),BA (Hons),January 2024,https://www.port.ac.uk/study/courses/undergraduate/ba-hons-business-learning-at-work
Business and Computer Studies (Learning at Work) BA (Hons),BA (Hons),January 2024,https://www.port.ac.uk/study/courses/undergraduate/ba-hons-business-and-computer-studies-learning-at-work
Business and Computer Studies (Learning at Work) MA,MA,January 2024,https://www.port.ac.uk/study/courses/postgraduate-taught/ma-business-and-computer-studies-learning-at-work
Business and Human Resource Management BA (Hons),BA (Hons),September 2024,https://www.port.ac.uk/study/courses/undergraduate/ba-hons-business-and-human-resource-management
Business and Management BA (Hons),BA (Hons),September 2024,https://www.port.ac.uk/study/courses/undergraduate/ba-hons-business-and-management
Business and Management BA (Hons),BA (Hons),September 2024,https://www.port.ac.uk/study/courses/undergraduate/ba-hons-business-and-management-london
Business and Management MSc,MSc,September 2024,https://www.port.ac.uk/study/courses/postgraduate-taught/msc-business-and-management
Business and Management (Top-up) BA (Hons),BA (Hons),September 2024,https://www.port.ac.uk/study/courses/undergraduate/ba-hons-business-and-management-top-up
Business and management postgraduate research degrees,NA,NA,https://www.port.ac.uk/study/courses/postgraduate-research/pgr-business-and-management
Business and Supply Chain Management BSc (Hons),BSc (Hons),September 2024,https://www.port.ac.uk/study/courses/undergraduate/bsc-hons-business-and-supply-chain-management
Business Communication for International Leadership MA,MA,January 2024,https://www.port.ac.uk/study/courses/postgraduate-taught/ma-business-communication-for-international-leadership
Business Communication for International Leadership (with Professional Experience) MA,MA,January 2024,https://www.port.ac.uk/study/courses/postgraduate-taught/ma-business-communication-for-international-leadership-with-professional-experience
Business Management (Learning at Work) MA,MA,January 2024,https://www.port.ac.uk/study/courses/postgraduate-taught/ma-business-management-learning-at-work
Business with Business Communication (Top-up) BA (Hons),BA (Hons),September 2024,https://www.port.ac.uk/study/courses/undergraduate/ba-hons-business-with-business-communication-top-up
Care of Children and Young People in Crisis,NA,September 2024,https://www.port.ac.uk/study/courses/postgraduate-taught/care-of-children-and-young-people-in-crisis
Chartered Manager Degree Apprenticeship (Business Leadership and Management) BA (Hons) BA (Hons),BA (Hons),September 2024,https://www.port.ac.uk/study/courses/undergraduate/ba-hons-business-leadership-and-management-degree-apprenticeship
Chartered Surveyor Degree Apprenticeship (Building Surveying) BSc (Hons),BSc (Hons),September 2024,https://www.port.ac.uk/study/courses/undergraduate/bsc-hons-building-surveying-degree-apprenticeship
Chartered Surveyor Degree Apprenticeship (Quantity Surveying) BSc (Hons),BSc (Hons),September 2024,https://www.port.ac.uk/study/courses/undergraduate/bsc-hons-quantity-surveying-degree-apprenticeship
Childhood and Youth Studies BA (Hons),BA (Hons),September 2024,https://www.port.ac.uk/study/courses/undergraduate/ba-hons-childhood-and-youth-studies
Childhood and Youth Studies with Criminology BA (Hons),BA (Hons),September 2024,https://www.port.ac.uk/study/courses/undergraduate/ba-hons-childhood-and-youth-studies-with-criminology
Childhood and Youth Studies with Psychology BA (Hons),BA (Hons),September 2024,https://www.port.ac.uk/study/courses/undergraduate/ba-hons-childhood-and-youth-studies-with-psychology
Civil Engineer Degree Apprenticeship (Civil Engineering) BEng (Hons),BEng (Hons),September 2024,https://www.port.ac.uk/study/courses/undergraduate/beng-hons-civil-engineer-degree-apprenticeship-civil-engineering
Civil Engineering BEng (Hons) / MEng,BEng (Hons) / MEng,September 2024,https://www.port.ac.uk/study/courses/undergraduate/beng-meng-civil-engineering
Civil Engineering MSc,MSc,January 2024,https://www.port.ac.uk/study/courses/postgraduate-taught/msc-civil-engineering
Civil engineering postgraduate research degrees,NA,NA,https://www.port.ac.uk/study/courses/postgraduate-research/pgr-civil-engineering
Clinical Exercise Science MSc,MSc,January 2024,https://www.port.ac.uk/study/courses/postgraduate-taught/msc-clinical-exercise-science
Coastal and Marine Resource Management MSc,MSc,January 2024,https://www.port.ac.uk/study/courses/postgraduate-taught/msc-coastal-and-marine-resource-management
Cognitive Behavioural Therapy DipHE,DipHE,February 2024,https://www.port.ac.uk/study/courses/undergraduate/diphe-cognitive-behavioural-therapy
Cognitive Behavioural Therapy Top up BSc (Hons),BSc (Hons),March 2024,https://www.port.ac.uk/study/courses/undergraduate/bsc-hons-cognitive-behavioural-therapy-top-up
Computer Animation MSc,MSc,September 2024,https://www.port.ac.uk/study/courses/postgraduate-taught/msc-computer-animation
Computer Animation and Visual Effects BSc (Hons),BSc (Hons),September 2024,https://www.port.ac.uk/study/courses/undergraduate/bsc-hons-computer-animation-and-visual-effects
Computer Games Art BA (Hons),BA (Hons),September 2024,https://www.port.ac.uk/study/courses/undergraduate/ba-hons-computer-games-art
Computer Games Design BA (Hons),BA (Hons),September 2024,https://www.port.ac.uk/study/courses/undergraduate/ba-hons-computer-games-design
Computer Games Production BSc (Hons),BSc (Hons),September 2024,https://www.port.ac.uk/study/courses/undergraduate/bsc-hons-computer-games-production
Computer Games Technology BSc (Hons),BSc (Hons),September 2024,https://www.port.ac.uk/study/courses/undergraduate/bsc-hons-computer-games-technology
Computer Games Technology MSc,MSc,September 2024,https://www.port.ac.uk/study/courses/postgraduate-taught/msc-computer-games-technology
Computer Network Administration and Management MSc,MSc,January 2024,https://www.port.ac.uk/study/courses/postgraduate-taught/msc-computer-network-administration-and-management
Computer Networks and Security BSc (Hons),BSc (Hons),September 2024,https://www.port.ac.uk/study/courses/undergraduate/bsc-hons-computer-networks-and-security
Computer Science BSc (Hons) / MEng,BSc (Hons) / MEng,September 2024,https://www.port.ac.uk/study/courses/undergraduate/bsc-meng-computer-science
Computer Science BSc (Hons),BSc (Hons),September 2024,https://www.port.ac.uk/study/courses/undergraduate/bsc-computer-science-london
Computing HND,HND,September 2024,https://www.port.ac.uk/study/courses/undergraduate/hnd-computing
Computing FdSc,FdSc,September 2024,https://www.port.ac.uk/study/courses/undergraduate/fdsc-computing
Computing BSc (Hons),BSc (Hons),September 2024,https://www.port.ac.uk/study/courses/undergraduate/bsc-hons-computing
Computing and Information Systems Distance Learning Top-Up BSc (Hons),BSc (Hons),January 2024,https://www.port.ac.uk/study/courses/undergraduate/bsc-hons-computing-and-information-systems-distance-learning-top-up
Computing postgraduate research degrees,NA,NA,https://www.port.ac.uk/study/courses/postgraduate-research/pgr-computing
Conscious Sedation for Dentistry PgCert,PgCert,September 2024,https://www.port.ac.uk/study/courses/postgraduate-taught/pgcert-conscious-sedation-for-dentistry
Construction HNC,HNC,September 2024,https://www.port.ac.uk/study/courses/undergraduate/hnc-construction
Construction Management BSc (Hons),BSc (Hons),September 2024,https://www.port.ac.uk/study/courses/undergraduate/bsc-hons-construction-management
Construction Management (Top Up) (Degree Apprenticeship) BSc (Hons),BSc (Hons),September 2024,https://www.port.ac.uk/study/courses/undergraduate/bsc-hons-construction-management-top-up-degree-apprenticeship
Construction Project Management MSc,MSc,January 2024,https://www.port.ac.uk/study/courses/postgraduate-taught/msc-construction-project-management
Construction Project Management MSc,MSc,May 2024,https://www.port.ac.uk/study/courses/postgraduate-taught/msc-construction-project-management-london
Corporate Governance and Law GradCG LLM,LLM,September 2024,https://www.port.ac.uk/study/courses/postgraduate-taught/llm-corporate-governance-and-law-gradcg
Cosmology and astrophysics postgraduate research degrees,NA,NA,https://www.port.ac.uk/study/courses/postgraduate-research/pgr-cosmology-and-astrophysics
"Counter Terrorism, Intelligence and Cybercrime (Dual Degree) BSc (Hons)",BSc (Hons),September 2024,https://www.port.ac.uk/study/courses/undergraduate/bsc-hons-counter-terrorism-intelligence-cybercrime-dual-degree
Creative Computing BA (Hons) / BSc (Hons),BA (Hons) / BSc (Hons),September 2024,https://www.port.ac.uk/study/courses/undergraduate/ba-bsc-hons-creative-computing
Creative Industries MRes,MRes,January 2024,https://www.port.ac.uk/study/courses/postgraduate-taught/mres-creative-industries
Creative Media Technologies BSc (Hons),BSc (Hons),September 2024,https://www.port.ac.uk/study/courses/undergraduate/bsc-hons-creative-media-technologies
Creative Media Technologies (Top-Up) BSc (Hons),BSc (Hons),September 2024,https://www.port.ac.uk/study/courses/undergraduate/bsc-hons-creative-media-technologies-top-up
Creative Music Technology Top-up BA (Hons),BA (Hons),September 2024,https://www.port.ac.uk/study/courses/undergraduate/ba-hons-creative-music-technology-top-up
Creative Technologies MSc,MSc,September 2024,https://www.port.ac.uk/study/courses/postgraduate-taught/msc-creative-technologies
Creative Technologies MA,MA,September 2024,https://www.port.ac.uk/study/courses/postgraduate-taught/ma-creative-technologies
Creative Technologies and Enterprise (Learning at Work) BSc (Hons),BSc (Hons),January 2024,https://www.port.ac.uk/study/courses/undergraduate/bsc-hons-creative-technologies-and-enterprise-learning-at-work
Creative Writing BA (Hons),BA (Hons),September 2024,https://www.port.ac.uk/study/courses/undergraduate/ba-hons-creative-writing
Creative Writing MA,MA,September 2024,https://www.port.ac.uk/study/courses/postgraduate-taught/ma-creative-writing
Criminal Psychology MSc,MSc,September 2024,https://www.port.ac.uk/study/courses/postgraduate-taught/msc-criminal-psychology
Criminal Psychology and Victimology (Distance Learning) MSc,MSc,September 2024,https://www.port.ac.uk/study/courses/postgraduate-taught/msc-criminal-psychology-and-victimology-distance-learning
Criminology and Criminal Justice BSc (Hons),BSc (Hons),September 2024,https://www.port.ac.uk/study/courses/undergraduate/bsc-hons-criminology-and-criminal-justice
Criminology and Criminal Justice (Distance Learning) BSc (Hons),BSc (Hons),September 2024,https://www.port.ac.uk/study/courses/undergraduate/bsc-hons-criminology-and-criminal-justice-distance-learning
Criminology and Cybercrime BSc (Hons),BSc (Hons),September 2024,https://www.port.ac.uk/study/courses/undergraduate/bsc-hons-criminology-and-cybercrime
Criminology and Forensic Studies BSc (Hons),BSc (Hons),September 2024,https://www.port.ac.uk/study/courses/undergraduate/bsc-hons-criminology-and-forensic-studies
Criminology postgraduate research degrees,NA,NA,https://www.port.ac.uk/study/courses/postgraduate-research/pgr-criminology
Criminology with Psychology BSc (Hons),BSc (Hons),September 2024,https://www.port.ac.uk/study/courses/undergraduate/bsc-hons-criminology-with-psychology
Crisis and Disaster Management MSc,MSc,September 2024,https://www.port.ac.uk/study/courses/postgraduate-taught/msc-crisis-and-disaster-management
Cyber Security and Digital Forensics (Distance Learning) MSc,MSc,January 2024,https://www.port.ac.uk/study/courses/postgraduate-taught/msc-cyber-security-and-digital-forensics-distance-learning
Cyber Security and Forensic Computing BSc (Hons),BSc (Hons),September 2024,https://www.port.ac.uk/study/courses/undergraduate/bsc-hons-cyber-security-and-forensic-computing
Cyber Security and Forensic Information Technology MSc,MSc,January 2024,https://www.port.ac.uk/study/courses/postgraduate-taught/msc-cyber-security-and-forensic-information-technology
Cybercrime (Distance Learning) MSc,MSc,January 2024,https://www.port.ac.uk/study/courses/postgraduate-taught/msc-cybercrime-distance-learning
"Cybercrime, Terrorism and Security MSc",MSc,January 2024,https://www.port.ac.uk/study/courses/postgraduate-taught/msc-cybercrime-terrorism-and-security
Data Analytics MSc,MSc,September 2024,https://www.port.ac.uk/study/courses/postgraduate-taught/msc-data-analytics
Data Analytics (Distance learning) MSc,MSc,November 2023,https://www.port.ac.uk/study/courses/postgraduate-taught/msc-data-analytics-distance-learning
Data Science and Analytics BSc (Hons),BSc (Hons),September 2024,https://www.port.ac.uk/study/courses/undergraduate/bsc-hons-data-science-and-analytics
Dementia Care in Health and Social Care,NA,April 2024,https://www.port.ac.uk/study/courses/postgraduate-taught/dementia-care-in-health-and-social-care
Dental and oral health postgraduate research degrees,NA,NA,https://www.port.ac.uk/study/courses/postgraduate-research/pgr-dental-and-oral-health
Dental Development Programme,NA,January 2024,https://www.port.ac.uk/study/courses/undergraduate/dental-development-programme
Dental Hygiene BSc (Hons),BSc (Hons),September 2024,https://www.port.ac.uk/study/courses/undergraduate/bsc-hons-dental-hygiene
Dental Hygiene and Dental Therapy BSc (Hons),BSc (Hons),September 2024,https://www.port.ac.uk/study/courses/undergraduate/bsc-hons-dental-hygiene-and-dental-therapy
Dental Nursing CertHE,CertHE,September 2024,https://www.port.ac.uk/study/courses/undergraduate/certhe-dental-nursing
Diagnostic Radiography and Medical Imaging BSc (Hons),BSc (Hons),September 2024,https://www.port.ac.uk/study/courses/undergraduate/bsc-hons-diagnostic-radiography-and-medical-imaging
Digital and creative technologies postgraduate research degrees,NA,NA,https://www.port.ac.uk/study/courses/postgraduate-research/pgr-digital-and-creative-technologies
Digital Business Management MSc,MSc,January 2024,https://www.port.ac.uk/study/courses/postgraduate-taught/msc-digital-business-management
Digital Economy MSc,MSc,January 2024,https://www.port.ac.uk/study/courses/postgraduate-taught/msc-digital-economy
Digital Marketing BA (Hons),BA (Hons),September 2024,https://www.port.ac.uk/study/courses/undergraduate/ba-hons-digital-marketing
Digital Marketing MA,MA,September 2024,https://www.port.ac.uk/study/courses/postgraduate-taught/ma-digital-marketing-london
Digital Marketing MA,MA,January 2024,https://www.port.ac.uk/study/courses/postgraduate-taught/ma-digital-marketing
Digital Media MSc,MSc,September 2024,https://www.port.ac.uk/study/courses/postgraduate-taught/msc-digital-media
Early Childhood Studies BA (Hons),BA (Hons),September 2024,https://www.port.ac.uk/study/courses/undergraduate/ba-hons-early-childhood-studies
Early Childhood Studies with Psychology BA (Hons),BA (Hons),September 2024,https://www.port.ac.uk/study/courses/undergraduate/ba-hons-early-childhood-studies-with-psychology
Early Years Care and Education FdA,FdA,September 2024,https://www.port.ac.uk/study/courses/undergraduate/fda-early-years-care-and-education
Earth and environmental sciences postgraduate research degrees,NA,NA,https://www.port.ac.uk/study/courses/postgraduate-research/pgr-earth-and-environmental-sciences
Earth Science BSc (Hons),BSc (Hons),September 2024,https://www.port.ac.uk/study/courses/undergraduate/bsc-hons-earth-science
Economic Crime MSc,MSc,September 2024,https://www.port.ac.uk/study/courses/postgraduate-taught/msc-economic-crime
Economics BSc (Econ) (Hons),BSc (Econ) (Hons),September 2024,https://www.port.ac.uk/study/courses/undergraduate/bsc-econ-hons-economics
Economics and Management BA (Hons),BA (Hons),September 2024,https://www.port.ac.uk/study/courses/undergraduate/ba-hons-economics-and-management
Economics postgraduate research degrees,NA,NA,https://www.port.ac.uk/study/courses/postgraduate-research/pgr-economics
"Economics, Finance and Banking BSc (Econ) (Hons)",BSc (Econ) (Hons),September 2024,https://www.port.ac.uk/study/courses/undergraduate/bsc-econ-hons-economics-finance-and-banking-london
"Economics, Finance and Banking BSc (Econ) (Hons)",BSc (Econ) (Hons),September 2024,https://www.port.ac.uk/study/courses/undergraduate/bsc-econ-hons-economics-finance-and-banking
"Economics, Finance and Banking MSc",MSc,September 2024,https://www.port.ac.uk/study/courses/postgraduate-taught/msc-economics-finance-and-banking
Education postgraduate research degrees,NA,NA,https://www.port.ac.uk/study/courses/postgraduate-research/pgr-education
Education Studies MA,MA,January 2024,https://www.port.ac.uk/study/courses/postgraduate-taught/ma-education-studies
Education Studies (Top-Up) BA (Hons),BA (Hons),September 2024,https://www.port.ac.uk/study/courses/undergraduate/ba-hons-education-studies-top-up
Education Studies (with Professional Experience) MA,MA,September 2024,https://www.port.ac.uk/study/courses/postgraduate-taught/ma-education-studies-with-professional-experience
Educational Leadership and Management MSc / PgCert / PgDip,MSc / PgCert / PgDip,January 2024,https://www.port.ac.uk/study/courses/postgraduate-taught/msc-pgdip-pgcert-educational-leadership-and-management
Educational Leadership and Management (with Professional Experience) MSc,MSc,September 2024,https://www.port.ac.uk/study/courses/postgraduate-taught/msc-educational-leadership-and-management-with-professional-experience
Electrical and Electronic Engineering HNC,HNC,September 2024,https://www.port.ac.uk/study/courses/undergraduate/hnc-electrical-and-electronic-engineering
Electronic and Electrical Engineering MSc,MSc,January 2024,https://www.port.ac.uk/study/courses/postgraduate-taught/msc-electronic-and-electrical-engineering
Electronic Engineering BEng (Hons) / MEng,BEng (Hons) / MEng,September 2024,https://www.port.ac.uk/study/courses/undergraduate/beng-meng-electronic-engineering
Electronic engineering postgraduate research degrees,NA,NA,https://www.port.ac.uk/study/courses/postgraduate-research/pgr-electronic-engineering
Electronic Engineering Top-up Degree Apprenticeship BEng (Hons),BEng (Hons),September 2023,https://www.port.ac.uk/study/courses/undergraduate/beng-hons-electronic-engineering-top-up-degree-apprenticeship
Electronic Systems Engineering (Distance Learning Top-Up) BEng (Hons),BEng (Hons),September 2024,https://www.port.ac.uk/study/courses/undergraduate/beng-hons-electronic-systems-engineering-top-up
Energy and Power Systems Management MSc,MSc,January 2024,https://www.port.ac.uk/study/courses/postgraduate-taught/msc-energy-and-power-systems-management
Energy engineering postgraduate research degrees,NA,NA,https://www.port.ac.uk/study/courses/postgraduate-research/pgr-energy-engineering
Engineering (Learning at Work) MSc,MSc,January 2024,https://www.port.ac.uk/study/courses/postgraduate-taught/msc-engineering-learning-at-work
Engineering and Management (Learning at Work) MSc,MSc,January 2024,https://www.port.ac.uk/study/courses/postgraduate-taught/msc-engineering-and-management-learning-at-work
Engineering and Management Studies (Learning at Work) BSc (Hons),BSc (Hons),January 2024,https://www.port.ac.uk/study/courses/undergraduate/bsc-hons-engineering-and-management-studies-learning-at-work
Engineering and Technology with Foundation Year BEng (Hons),BEng (Hons),September 2024,https://www.port.ac.uk/study/courses/undergraduate/beng-hons-engineering-and-technology-with-foundation-year
Engineering Geology MSc,MSc,January 2024,https://www.port.ac.uk/study/courses/postgraduate-taught/msc-engineering-geology
Engineering Management MSc,MSc,January 2024,https://www.port.ac.uk/study/courses/postgraduate-taught/msc-engineering-management
Engineering Management MSc,MSc,September 2024,https://www.port.ac.uk/study/courses/postgraduate-taught/msc-engineering-management-london
Engineering Management (Distance Learning Top-Up) BEng (Hons),BEng (Hons),September 2024,https://www.port.ac.uk/study/courses/undergraduate/beng-hons-engineering-management-distance-learning-top-up
Engineering Project Management (Learning at Work) BSc (Hons),BSc (Hons),January 2024,https://www.port.ac.uk/study/courses/undergraduate/bsc-hons-engineering-project-management-learning-at-work
Engineering Project Management (Learning at Work) MSc,MSc,January 2024,https://www.port.ac.uk/study/courses/postgraduate-taught/msc-engineering-project-management-learning-at-work
Engineering Studies (Learning at Work) BSc (Hons),BSc (Hons),January 2024,https://www.port.ac.uk/study/courses/undergraduate/bsc-hons-engineering-studies-learning-at-work
English and Creative Writing BA (Hons),BA (Hons),September 2024,https://www.port.ac.uk/study/courses/undergraduate/ba-hons-english-and-creative-writing
English Language and Linguistics BA (Hons),BA (Hons),September 2024,https://www.port.ac.uk/study/courses/undergraduate/ba-hons-english-language-and-linguistics
English Language and Linguistics with Literature BA (Hons),BA (Hons),September 2024,https://www.port.ac.uk/study/courses/undergraduate/ba-hons-english-language-and-linguistics-with-literature
English Literature BA (Hons),BA (Hons),September 2024,https://www.port.ac.uk/study/courses/undergraduate/ba-hons-english-literature
English literature postgraduate research degrees,NA,NA,https://www.port.ac.uk/study/courses/postgraduate-research/pgr-english-literature
English Literature with History BA (Hons),BA (Hons),September 2024,https://www.port.ac.uk/study/courses/undergraduate/ba-hons-english-literature-with-history
English Literature with Media Studies BA (Hons),BA (Hons),September 2024,https://www.port.ac.uk/study/courses/undergraduate/ba-hons-english-literature-with-media-studies
Entrepreneurship and Business BA (Hons),BA (Hons),September 2024,https://www.port.ac.uk/study/courses/undergraduate/ba-hons-entrepreneurship-and-business
Environmental Geology and Land Contamination MSc,MSc,January 2024,https://www.port.ac.uk/study/courses/postgraduate-taught/msc-environmental-geology-and-land-contamination
Environmental Science BSc (Hons),BSc (Hons),September 2024,https://www.port.ac.uk/study/courses/undergraduate/bsc-hons-environmental-science
Environmental Science and Management (Dual Degree) BSc (Hons),BSc (Hons),September 2024,https://www.port.ac.uk/study/courses/undergraduate/bsc-hons-environmental-science-and-management-dual-degree
Fashion and Textiles MA,MA,September 2024,https://www.port.ac.uk/study/courses/postgraduate-taught/ma-fashion-and-textiles
Fashion Design BA (Hons),BA (Hons),September 2024,https://www.port.ac.uk/study/courses/undergraduate/ba-hons-fashion-design
Fashion Marketing BA (Hons),BA (Hons),September 2024,https://www.port.ac.uk/study/courses/undergraduate/ba-hons-fashion-marketing
Fashion Marketing MA,MA,September 2024,https://www.port.ac.uk/study/courses/postgraduate-taught/ma-fashion-marketing
Film and media postgraduate research degrees,NA,NA,https://www.port.ac.uk/study/courses/postgraduate-research/pgr-film-and-media
Film and Television Production MA,MA,January 2024,https://www.port.ac.uk/study/courses/postgraduate-taught/ma-film-and-television-production
Film Production BA (Hons),BA (Hons),September 2024,https://www.port.ac.uk/study/courses/undergraduate/ba-hons-film-production
Film Studies BA (Hons),BA (Hons),September 2024,https://www.port.ac.uk/study/courses/undergraduate/ba-hons-film-studies
Final Examination in Professional Practice (Part 3) Architecture,NA,September 2024,https://www.port.ac.uk/study/courses/postgraduate-taught/part-3-exemption-final-examination-in-professional-practice-part-3-architecture
Finance MSc,MSc,September 2024,https://www.port.ac.uk/study/courses/postgraduate-taught/msc-finance
Finance postgraduate research degrees,NA,NA,https://www.port.ac.uk/study/courses/postgraduate-research/pgr-finance
Finance with Business Communication (Top-up) BA (Hons),BA (Hons),September 2024,https://www.port.ac.uk/study/courses/undergraduate/ba-hons-finance-with-business-communication-top-up
Financial Management BA (Hons),BA (Hons),September 2024,https://www.port.ac.uk/study/courses/undergraduate/ba-hons-financial-management
Financial Technology MSc,MSc,January 2024,https://www.port.ac.uk/study/courses/postgraduate-taught/msc-financial-technology
Forensic Accounting MSc,MSc,September 2024,https://www.port.ac.uk/study/courses/postgraduate-taught/msc-forensic-accounting
Forensic Investigation MSc,MSc,September 2024,https://www.port.ac.uk/study/courses/postgraduate-taught/msc-forensic-investigation
Forensic Psychology BSc (Hons),BSc (Hons),September 2024,https://www.port.ac.uk/study/courses/undergraduate/bsc-hons-forensic-psychology
Forensic Psychology MSc,MSc,September 2024,https://www.port.ac.uk/study/courses/postgraduate-taught/msc-forensic-psychology
Further Education and Training CertEd,CertEd,September 2024,https://www.port.ac.uk/study/courses/undergraduate/certed-further-education-and-training
Further Education and Training PGCE,PGCE,September 2024,https://www.port.ac.uk/study/courses/postgraduate-taught/pgce-further-education-and-training
General Engineering HND,HND,September 2024,https://www.port.ac.uk/study/courses/undergraduate/hnd-general-engineering
Geographical Information Systems MSc,MSc,January 2024,https://www.port.ac.uk/study/courses/postgraduate-taught/msc-geographical-information-systems
Geography BSc (Hons),BSc (Hons),September 2024,https://www.port.ac.uk/study/courses/undergraduate/bsc-hons-geography
Geography BA (Hons),BA (Hons),September 2024,https://www.port.ac.uk/study/courses/undergraduate/ba-hons-geography
Geological and Environmental Hazards MSc,MSc,January 2024,https://www.port.ac.uk/study/courses/postgraduate-taught/msc-geological-and-environmental-hazards
Gestalt Counselling DipHE,DipHE,February 2024,https://www.port.ac.uk/study/courses/undergraduate/diphe-gestalt-counselling
Gestalt Counselling (Top-up) BSc (Hons),BSc (Hons),March 2024,https://www.port.ac.uk/study/courses/undergraduate/bsc-hons-gestalt-counselling-top-up
Global Communication and Media (Dual Degree) BA (Hons),BA (Hons),September 2024,https://www.port.ac.uk/study/courses/undergraduate/ba-hons-global-communication-and-media-dual-degree
Global Doctorate in Business Administration (Distance Learning) DBA,DBA,May 2023,https://www.port.ac.uk/study/courses/postgraduate-taught/dba-global-doctorate-in-business-administration-distance-learning
Global Human Resource Management (Distance learning) MSc,MSc,September 2024,https://www.port.ac.uk/study/courses/postgraduate-taught/msc-global-human-resource-management-distance-learning
Global Professional Doctorate in Business Administration DBA,DBA,January 2023,https://www.port.ac.uk/study/courses/postgraduate-taught/dba-global-professional-doctorate-in-business-administration
Global Public Health MSc,MSc,January 2025,https://www.port.ac.uk/study/courses/postgraduate-taught/msc-global-public-health
Global Sport Management (Dual Degree) BSc (Hons),BSc (Hons),September 2024,https://www.port.ac.uk/study/courses/undergraduate/bsc-hons-global-sport-management-dual-degree
Graphic Design BA (Hons),BA (Hons),September 2024,https://www.port.ac.uk/study/courses/undergraduate/ba-hons-graphic-design
Graphic Design MA,MA,September 2024,https://www.port.ac.uk/study/courses/postgraduate-taught/ma-graphic-design
Health and social care postgraduate research degrees,NA,NA,https://www.port.ac.uk/study/courses/postgraduate-research/pgr-health-and-social-care
Health informatics postgraduate research degrees,NA,NA,https://www.port.ac.uk/study/courses/postgraduate-research/pgr-health-informatics
Health Psychology MSc,MSc,September 2024,https://www.port.ac.uk/study/courses/postgraduate-taught/msc-health-psychology
History BA (Hons),BA (Hons),September 2024,https://www.port.ac.uk/study/courses/undergraduate/ba-hons-history
History and Politics BA (Hons),BA (Hons),September 2024,https://www.port.ac.uk/study/courses/undergraduate/ba-hons-history-and-politics
History postgraduate research degrees,NA,NA,https://www.port.ac.uk/study/courses/postgraduate-research/pgr-history
History with American Studies BA (Hons),BA (Hons),September 2024,https://www.port.ac.uk/study/courses/undergraduate/ba-hons-history-with-american-studies
History with Sociology BA (Hons),BA (Hons),September 2024,https://www.port.ac.uk/study/courses/undergraduate/ba-hons-history-with-sociology
Human Resource Development (Top-up) MSc,MSc,September 2024,https://www.port.ac.uk/study/courses/postgraduate-taught/msc-human-resource-development-top-up
Human Resource Development and Training Management PgDip,PgDip,September 2024,https://www.port.ac.uk/study/courses/postgraduate-taught/pgdip-human-resource-development-and-training-management
Human Resource Management PgDip,PgDip,September 2024,https://www.port.ac.uk/study/courses/postgraduate-taught/pgdip-human-resource-management
Human Resource Management MSc,MSc,September 2024,https://www.port.ac.uk/study/courses/postgraduate-taught/msc-human-resource-management
Human Resource Management Top-up MSc,MSc,September 2024,https://www.port.ac.uk/study/courses/postgraduate-taught/msc-human-resource-management-top-up
Humanistic Counselling DipHE,DipHE,February 2024,https://www.port.ac.uk/study/courses/undergraduate/diphe-humanistic-counselling
Humanistic Counselling Top-up BSc (Hons),BSc (Hons),March 2024,https://www.port.ac.uk/study/courses/undergraduate/bsc-hons-humanistic-counselling-top-up
Humanities and Social Sciences MRes,MRes,September 2024,https://www.port.ac.uk/study/courses/postgraduate-taught/mres-humanities-and-social-sciences
Illustration BA (Hons),BA (Hons),September 2024,https://www.port.ac.uk/study/courses/undergraduate/ba-hons-illustration
Illustration MA,MA,September 2024,https://www.port.ac.uk/study/courses/postgraduate-taught/ma-illustration
Independent Prescribing for Pharmacists PgCert,PgCert,January 2024,https://www.port.ac.uk/study/courses/postgraduate-taught/pgcert-independent-prescribing-for-pharmacists
Information Security and Risk (Learning at Work) MSc,MSc,September 2023,https://www.port.ac.uk/study/courses/postgraduate-taught/msc-information-security-and-risk-learning-at-work
Information Systems MSc,MSc,January 2024,https://www.port.ac.uk/study/courses/postgraduate-taught/msc-information-systems
Information Systems MSc,MSc,May 2024,https://www.port.ac.uk/study/courses/postgraduate-taught/msc-information-systems-london
Innovation Management and Entrepreneurship MSc,MSc,September 2024,https://www.port.ac.uk/study/courses/postgraduate-taught/msc-innovation-management-and-entrepreneurship
Interior Architecture and Design BA (Hons),BA (Hons),September 2024,https://www.port.ac.uk/study/courses/undergraduate/ba-hons-interior-architecture-and-design
Interior Architecture and Design MA,MA,January 2024,https://www.port.ac.uk/study/courses/postgraduate-taught/ma-interior-architecture-and-design
International Business BA (Hons),BA (Hons),September 2024,https://www.port.ac.uk/study/courses/undergraduate/ba-hons-international-business
International Business and Management MSc,MSc,January 2024,https://www.port.ac.uk/study/courses/postgraduate-taught/msc-international-business-and-management
International Business and Management MSc,MSc,May 2024,https://www.port.ac.uk/study/courses/postgraduate-taught/msc-international-business-and-management-london
International Business Communication (Top-up) BA (Hons),BA (Hons),September 2024,https://www.port.ac.uk/study/courses/undergraduate/ba-hons-international-business-communication-top-up
International Criminal Justice and Intelligence MSc,MSc,January 2024,https://www.port.ac.uk/study/courses/postgraduate-taught/msc-international-criminal-justice-and-intelligence
International Development BA (Hons),BA (Hons),September 2024,https://www.port.ac.uk/study/courses/undergraduate/ba-hons-international-development
International Development MSc,MSc,January 2024,https://www.port.ac.uk/study/courses/postgraduate-taught/msc-international-development
International Development and Languages BA (Hons),BA (Hons),September 2024,https://www.port.ac.uk/study/courses/undergraduate/ba-hons-international-development-and-languages
International Development with Sociology BA (Hons),BA (Hons),September 2024,https://www.port.ac.uk/study/courses/undergraduate/ba-hons-international-development-with-sociology
International Finance and Banking MSc,MSc,September 2024,https://www.port.ac.uk/study/courses/postgraduate-taught/msc-international-finance-and-banking
International Human Resource Management MSc,MSc,January 2024,https://www.port.ac.uk/study/courses/postgraduate-taught/msc-international-human-resource-management
International Marketing MA,MA,January 2024,https://www.port.ac.uk/study/courses/postgraduate-taught/ma-international-marketing
International Professional Practice Part 3 Architecture,NA,September 2024,https://www.port.ac.uk/study/courses/postgraduate-taught/international-professional-practice-part-3-architecture
International Relations BA (Hons),BA (Hons),September 2024,https://www.port.ac.uk/study/courses/undergraduate/ba-hons-international-relations
International Relations MA,MA,January 2024,https://www.port.ac.uk/study/courses/postgraduate-taught/ma-international-relations
International Relations (Distance Learning) MA,MA,January 2024,https://www.port.ac.uk/study/courses/postgraduate-taught/ma-international-relations-distance-learning
International Relations and Languages BA (Hons),BA (Hons),September 2024,https://www.port.ac.uk/study/courses/undergraduate/ba-hons-international-relations-and-languages
International Relations and Politics BA (Hons),BA (Hons),September 2024,https://www.port.ac.uk/study/courses/undergraduate/ba-hons-international-relations-and-politics
International Relations and Politics MA,MA,January 2024,https://www.port.ac.uk/study/courses/postgraduate-taught/ma-international-relations-and-politics
International Relations with History BA (Hons),BA (Hons),September 2024,https://www.port.ac.uk/study/courses/undergraduate/ba-hons-international-relations-with-history
International Relations with International Development BA (Hons),BA (Hons),September 2024,https://www.port.ac.uk/study/courses/undergraduate/ba-hons-international-relations-with-international-development
International Trade and Business Communication (Top-up) BA (Hons),BA (Hons),September 2024,https://www.port.ac.uk/study/courses/undergraduate/ba-hons-international-trade-and-business-communication-top-up
Journalism BA (Hons),BA (Hons),September 2024,https://www.port.ac.uk/study/courses/undergraduate/ba-hons-journalism
Journalism (Distance Learning) MA,MA,January 2024,https://www.port.ac.uk/study/courses/postgraduate-taught/ma-journalism
Journalism with Creative Writing BA (Hons),BA (Hons),September 2024,https://www.port.ac.uk/study/courses/undergraduate/ba-hons-journalism-with-creative-writing
Journalism with Media Studies BA (Hons),BA (Hons),September 2024,https://www.port.ac.uk/study/courses/undergraduate/ba-hons-journalism-with-media-studies
"Journalism, communication and creative writing postgraduate research degrees",NA,NA,https://www.port.ac.uk/study/courses/postgraduate-research/pgr-journalism-communication-and-creative-writing
Language Studies BA (Hons),BA (Hons),September 2024,https://www.port.ac.uk/study/courses/undergraduate/ba-hons-language-studies
Languages and applied linguistics postgraduate research degrees,NA,NA,https://www.port.ac.uk/study/courses/postgraduate-research/pgr-languages-and-applied-linguistics
Law LLB (Hons),LLB (Hons),September 2024,https://www.port.ac.uk/study/courses/undergraduate/llb-hons-law
Law LLM,LLM,January 2024,https://www.port.ac.uk/study/courses/postgraduate-taught/llm-law
Law and LegalTech LLM,LLM,September 2024,https://www.port.ac.uk/study/courses/postgraduate-taught/llm-law-and-legaltech
Law postgraduate research degrees,NA,NA,https://www.port.ac.uk/study/courses/postgraduate-research/pgr-law
Law with Business LLB (Hons),LLB (Hons),September 2024,https://www.port.ac.uk/study/courses/undergraduate/llb-hons-law-with-business
Law with Criminology LLB (Hons),LLB (Hons),September 2024,https://www.port.ac.uk/study/courses/undergraduate/llb-hons-law-with-criminology
Law with Legal Practice LLB (Hons),LLB (Hons),September 2024,https://www.port.ac.uk/study/courses/undergraduate/llb-hons-law-with-legal-practice
Leadership and Management (Top-up) MSc,MSc,January 2024,https://www.port.ac.uk/study/courses/postgraduate-taught/msc-leadership-and-management-top-up
Learning Support FdA,FdA,September 2024,https://www.port.ac.uk/study/courses/undergraduate/fda-learning-support
Logistics and Supply Chain Management MSc,MSc,January 2024,https://www.port.ac.uk/study/courses/postgraduate-taught/msc-logistics-and-supply-chain-management
Marine Biology BSc (Hons),BSc (Hons),September 2024,https://www.port.ac.uk/study/courses/undergraduate/bsc-hons-marine-biology
Marine Environmental Science BSc (Hons),BSc (Hons),September 2024,https://www.port.ac.uk/study/courses/undergraduate/bsc-hons-marine-environmental-science
Maritime Studies (Learning at Work) BSc (Hons),BSc (Hons),January 2024,https://www.port.ac.uk/study/courses/undergraduate/bsc-hons-maritime-studies-learning-at-work
Maritime Studies (Learning at Work) MSc,MSc,January 2024,https://www.port.ac.uk/study/courses/postgraduate-taught/msc-maritime-studies-learning-at-work
Marketing BA (Hons),BA (Hons),September 2024,https://www.port.ac.uk/study/courses/undergraduate/ba-hons-marketing-london
Marketing BA (Hons),BA (Hons),September 2024,https://www.port.ac.uk/study/courses/undergraduate/ba-hons-marketing
Marketing Analytics MSc,MSc,September 2024,https://www.port.ac.uk/study/courses/postgraduate-taught/msc-marketing-analytics
Marketing postgraduate research degrees,NA,NA,https://www.port.ac.uk/study/courses/postgraduate-research/pgr-marketing
Mathematics BSc (Hons),BSc (Hons),September 2024,https://www.port.ac.uk/study/courses/undergraduate/bsc-hons-mathematics
Mathematics for Finance and Management BSc (Hons),BSc (Hons),September 2024,https://www.port.ac.uk/study/courses/undergraduate/bsc-hons-mathematics-for-finance-and-management
Mathematics postgraduate research degrees,NA,NA,https://www.port.ac.uk/study/courses/postgraduate-research/pgr-mathematics
Mathematics with Machine Learning BSc (Hons),BSc (Hons),September 2024,https://www.port.ac.uk/study/courses/undergraduate/bsc-hons-mathematics-with-machine-learning
Mathematics with Statistics BSc (Hons),BSc (Hons),September 2024,https://www.port.ac.uk/study/courses/undergraduate/bsc-hons-mathematics-with-statistics
Mechanical and design engineering postgraduate research degrees,NA,NA,https://www.port.ac.uk/study/courses/postgraduate-research/pgr-mechanical-and-design-engineering
Mechanical and Manufacturing Engineering BEng (Hons),BEng (Hons),September 2024,https://www.port.ac.uk/study/courses/undergraduate/beng-hons-mechanical-and-manufacturing-engineering
Mechanical and Manufacturing Engineering (Top-Up) Degree Apprenticeship BEng (Hons),BEng (Hons),September 2024,https://www.port.ac.uk/study/courses/undergraduate/beng-hons-mechanical-and-manufacturing-engineering-top-up-degree-apprenticeship
Mechanical and Manufacturing Engineering Top-up BEng (Hons),BEng (Hons),September 2024,https://www.port.ac.uk/study/courses/undergraduate/beng-hons-mechanical-and-manufacturing-engineering-top-up
Mechanical Engineering BEng (Hons) / MEng,BEng (Hons) / MEng,September 2024,https://www.port.ac.uk/study/courses/undergraduate/beng-meng-mechanical-engineering
Mechanical Engineering HNC,HNC,September 2024,https://www.port.ac.uk/study/courses/undergraduate/hnc-mechanical-engineering
Mechanical Engineering MSc,MSc,January 2024,https://www.port.ac.uk/study/courses/postgraduate-taught/msc-mechanical-engineering
Media and Communication MA,MA,September 2024,https://www.port.ac.uk/study/courses/postgraduate-taught/ma-media-and-communication
Media and Communication with Foundation Year BA (Hons),BA (Hons),September 2024,https://www.port.ac.uk/study/courses/undergraduate/ba-hons-media-and-communication-with-foundation-year
Media Studies BA (Hons),BA (Hons),September 2024,https://www.port.ac.uk/study/courses/undergraduate/ba-hons-media-studies
Medical Biotechnology MSc,MSc,January 2024,https://www.port.ac.uk/study/courses/postgraduate-taught/msc-medical-biotechnology
Mental Health Nursing MN,MN,September 2024,https://www.port.ac.uk/study/courses/postgraduate-taught/mn-mental-health-nursing
Modern Languages BA (Hons),BA (Hons),September 2024,https://www.port.ac.uk/study/courses/undergraduate/ba-hons-modern-languages
Music Technology BSc (Hons),BSc (Hons),September 2024,https://www.port.ac.uk/study/courses/undergraduate/bsc-hons-music-technology
Music Technology MSc,MSc,September 2024,https://www.port.ac.uk/study/courses/postgraduate-taught/msc-music-technology
Naval History (Distance Learning) MA,MA,September 2024,https://www.port.ac.uk/study/courses/postgraduate-taught/ma-naval-history
Nursing (Adult) BN (Hons),BN (Hons),September 2024,https://www.port.ac.uk/study/courses/undergraduate/bn-hons-nursing-adult
Nursing Associate FdSc,FdSc,September 2024,https://www.port.ac.uk/study/courses/undergraduate/fdsc-nursing-associate
Nursing Mental Health BN (Hons),BN (Hons),September 2024,https://www.port.ac.uk/study/courses/undergraduate/bn-hons-nursing-mental-health
Occupational Health and Safety Management MSc,MSc,January 2024,https://www.port.ac.uk/study/courses/postgraduate-taught/msc-occupational-health-and-safety-management
Occupational Health and Safety Management (Distance Learning) (Learning at Work) PgCert,PgCert,January 2024,https://www.port.ac.uk/study/courses/postgraduate-taught/pgcert-occupational-health-and-safety-management
Occupational Health and Safety Management (Learning at Work) MSc,MSc,January 2024,https://www.port.ac.uk/study/courses/postgraduate-taught/msc-occupational-health-and-safety-management-learning-at-work
"Occupational Health, Safety and Environmental Management (Learning at Work) MSc",MSc,January 2024,https://www.port.ac.uk/study/courses/postgraduate-taught/msc-occupational-health-safety-and-environmental-management-learning-at-work
"Occupational Health, Safety and Environmental Management MSc",MSc,January 2024,https://www.port.ac.uk/study/courses/postgraduate-taught/msc-occupational-health-safety-and-environmental-management
Operating Department Practice BSc (Hons),BSc (Hons),September 2024,https://www.port.ac.uk/study/courses/undergraduate/bsc-hons-operating-department-practice
Operational research and logistics postgraduate research degrees,NA,NA,https://www.port.ac.uk/study/courses/postgraduate-research/pgr-operational-research-and-logistics
Organisation studies and human resource management postgraduate research degrees,NA,NA,https://www.port.ac.uk/study/courses/postgraduate-research/pgr-organisation-studies-and-human-resource-management
Palaeontology BSc (Hons),BSc (Hons),September 2024,https://www.port.ac.uk/study/courses/undergraduate/bsc-hons-palaeontology
Paramedic Science BSc (Hons),BSc (Hons),September 2024,https://www.port.ac.uk/study/courses/undergraduate/bsc-hons-paramedic-science
"Performance, theatre and music postgraduate research degrees",NA,NA,https://www.port.ac.uk/study/courses/postgraduate-research/pgr-performance-theatre-and-music
PGCE Courses,NA,September 2024,https://www.port.ac.uk/study/courses/postgraduate-taught/pgce-courses
Pharmacology BSc (Hons),BSc (Hons),September 2024,https://www.port.ac.uk/study/courses/undergraduate/bsc-hons-pharmacology
Pharmacy MPharm (Hons),MPharm (Hons),September 2024,https://www.port.ac.uk/study/courses/undergraduate/mpharm-hons-pharmacy
"Pharmacy, pharmacology and biomedical sciences postgraduate research degrees",NA,NA,https://www.port.ac.uk/study/courses/postgraduate-research/pgr-pharmacy-pharmacology-and-biomedical-sciences
Photography BA (Hons),BA (Hons),September 2024,https://www.port.ac.uk/study/courses/undergraduate/ba-hons-photography
Photography MA,MA,September 2024,https://www.port.ac.uk/study/courses/postgraduate-taught/ma-photography
Physical and human geography postgraduate research degrees,NA,NA,https://www.port.ac.uk/study/courses/postgraduate-research/pgr-physical-and-human-geography
Physics BSc (Hons) / MPhys (Hons),BSc (Hons) / MPhys (Hons),September 2024,https://www.port.ac.uk/study/courses/undergraduate/bsc-mphys-physics
Physics postgraduate research degrees,NA,NA,https://www.port.ac.uk/study/courses/postgraduate-research/pgr-physics
"Physics, Astrophysics and Cosmology BSc (Hons) / MPhys (Hons)",BSc (Hons) / MPhys (Hons),September 2024,https://www.port.ac.uk/study/courses/undergraduate/bsc-mphys-physics-astrophysics-and-cosmology
Physiotherapy (Pre-registration) MSc,MSc,January 2024,https://www.port.ac.uk/study/courses/postgraduate-taught/msc-physiotherapy-pre-registration
Policing and Investigation (Distance Learning) BSc (Hons),BSc (Hons),September 2024,https://www.port.ac.uk/study/courses/undergraduate/bsc-hons-policing-and-investigation
Politics BA (Hons),BA (Hons),September 2024,https://www.port.ac.uk/study/courses/undergraduate/ba-hons-politics
Politics and international relations postgraduate research degrees,NA,NA,https://www.port.ac.uk/study/courses/postgraduate-research/pgr-politics-and-international-relations
Post-Production for Film and Television BA (Hons),BA (Hons),September 2024,https://www.port.ac.uk/study/courses/undergraduate/ba-hons-post-production-for-film-and-television
Postgraduate Engineering Degree Apprenticeship (Engineering Competence) PgDip,PgDip,January 2024,https://www.port.ac.uk/study/courses/postgraduate-taught/pgdip-postgraduate-engineering-degree-apprenticeship-engineering-competence
Postgraduate Teaching Apprenticeship,NA,June 2024,https://www.port.ac.uk/study/courses/postgraduate-taught/postgraduate-teaching-apprenticeship
Primary PGCE,PGCE,September 2024,https://www.port.ac.uk/study/courses/postgraduate-taught/pgce-primary
Primary Education with Qualified Teacher Status BEd,BEd,September 2024,https://www.port.ac.uk/study/courses/undergraduate/bed-primary-education-with-qualified-teacher-status
Product Design and Innovation BSc (Hons),BSc (Hons),September 2024,https://www.port.ac.uk/study/courses/undergraduate/bsc-hons-product-design-and-innovation
Professional Doctorate in Business Administration DBA,DBA,September 2024,https://www.port.ac.uk/study/courses/postgraduate-taught/dba-professional-doctorate-in-business-administration
Professional Doctorate in Criminal Justice DCrimJ,DCrimJ,October 2024,https://www.port.ac.uk/study/courses/postgraduate-taught/dcrimj-professional-doctorate-in-criminal-justice
Professional Doctorate in Education EdD,EdD,September 2024,https://www.port.ac.uk/study/courses/postgraduate-taught/edd-professional-doctorate-in-education
Professional Doctorate in Health and Social Care Prof Doc,Prof Doc,October 2024,https://www.port.ac.uk/study/courses/postgraduate-taught/prof-doc-professional-doctorate-in-health-and-social-care
Professional Doctorate in Security Risk Management,NA,October 2024,https://www.port.ac.uk/study/courses/postgraduate-taught/professional-doctorate-in-security-risk-management
Professional Policing BSc (Hons),BSc (Hons),September 2024,https://www.port.ac.uk/study/courses/undergraduate/bsc-hons-professional-policing
Professional Studies (Learning at Work) CertHE,CertHE,January 2024,https://www.port.ac.uk/study/courses/undergraduate/certhe-professional-studies
Professional Studies (Learning at Work) BA (Hons) / BSc (Hons),BA (Hons) / BSc (Hons),January 2024,https://www.port.ac.uk/study/courses/undergraduate/bsc-hons-professional-studies-learning-at-work
Professional Studies (Learning at Work) MA / MSc,MA / MSc,January 2024,https://www.port.ac.uk/study/courses/postgraduate-taught/msc-professional-studies-learning-at-work
Project Management MSc,MSc,January 2024,https://www.port.ac.uk/study/courses/postgraduate-taught/msc-project-management
Project Management Degree Apprenticeship BSc (Hons),BSc (Hons),September 2024,https://www.port.ac.uk/study/courses/undergraduate/bsc-hons-project-management-degree-apprenticeship
Project Management for Construction (Distance learning) MSc,MSc,September 2023,https://www.port.ac.uk/study/courses/postgraduate-taught/msc-project-management-for-construction-distance-learning
Property Development BSc (Hons),BSc (Hons),September 2024,https://www.port.ac.uk/study/courses/undergraduate/bsc-hons-property-development
Psychological Sciences (Dual Degree) BSc (Hons),BSc (Hons),September 2024,https://www.port.ac.uk/study/courses/undergraduate/bsc-hons-psychological-sciences-dual-degree
Psychology BSc (Hons),BSc (Hons),September 2024,https://www.port.ac.uk/study/courses/undergraduate/bsc-hons-psychology
Psychology (Distance learning) MSc,MSc,September 2024,https://www.port.ac.uk/study/courses/postgraduate-taught/msc-psychology-distance-learning
Psychology and Learning Disability MSc,MSc,September 2024,https://www.port.ac.uk/study/courses/postgraduate-taught/msc-psychology-and-learning-disability
Psychology postgraduate research degrees,NA,NA,https://www.port.ac.uk/study/courses/postgraduate-research/pgr-psychology
Public Administration (Distance Learning) MPA,MPA,September 2024,https://www.port.ac.uk/study/courses/postgraduate-taught/mpa-public-administration
Public Administration Degree Apprenticeship (Distance Learning) MPA,MPA,September 2024,https://www.port.ac.uk/study/courses/postgraduate-taught/mpa-public-administration-degree-apprenticeship-distance-learning
Quantity Surveying BSc (Hons),BSc (Hons),September 2024,https://www.port.ac.uk/study/courses/undergraduate/bsc-hons-quantity-surveying
Quantity Surveying MSc,MSc,January 2024,https://www.port.ac.uk/study/courses/postgraduate-taught/msc-quantity-surveying
Real Estate Management MSc,MSc,January 2024,https://www.port.ac.uk/study/courses/postgraduate-taught/msc-real-estate-management
Renewable Energy Engineering BEng (Hons) / MEng,BEng (Hons) / MEng,September 2024,https://www.port.ac.uk/study/courses/undergraduate/meng-beng-renewable-energy-engineering
Risk and Safety Management Professional Degree Apprenticeship (Risk and Safety Leadership) MSc,MSc,September 2024,https://www.port.ac.uk/study/courses/postgraduate-taught/msc-risk-and-safety-leadership-degree-apprenticeship
Risk and Security Management (Distance Learning) BSc (Hons),BSc (Hons),September 2024,https://www.port.ac.uk/study/courses/undergraduate/bsc-hons-risk-and-security-management
"Risk, Crisis and Resilience Management MSc",MSc,September 2024,https://www.port.ac.uk/study/courses/postgraduate-taught/msc-risk-crisis-and-resilience-management
"Risk, Crisis and Resilience Management (Distance learning) MSc",MSc,September 2024,https://www.port.ac.uk/study/courses/postgraduate-taught/msc-risk-crisis-and-resilience-management-distance-learning
Science and Health MRes,MRes,January 2024,https://www.port.ac.uk/study/courses/postgraduate-taught/mres-science-and-health
Science with Foundation Year BSc (Hons),BSc (Hons),September 2024,https://www.port.ac.uk/study/courses/undergraduate/bsc-hons-science-with-foundation-year
Screenwriting BA (Hons),BA (Hons),September 2024,https://www.port.ac.uk/study/courses/undergraduate/ba-hons-screenwriting
Security and Risk (Learning at Work) BSc (Hons),BSc (Hons),September 2023,https://www.port.ac.uk/study/courses/undergraduate/bsc-hons-security-and-risk-learning-at-work
Security and Risk (Learning at Work) MSc,MSc,September 2023,https://www.port.ac.uk/study/courses/postgraduate-taught/msc-security-and-risk-learning-at-work
Senior Journalist Master's Degree Apprenticeship (Journalism) MA,MA,January 2024,https://www.port.ac.uk/study/courses/postgraduate-taught/ma-senior-journalist-masters-degree-apprenticeship
Senior Leader Degree Apprenticeship (Educational Leadership and Management) MSc,MSc,September 2024,https://www.port.ac.uk/study/courses/postgraduate-taught/msc-educational-leadership-and-management-degree-apprenticeship
Social Work BSc (Hons),BSc (Hons),September 2024,https://www.port.ac.uk/study/courses/undergraduate/bsc-hons-social-work
Social Work MSc,MSc,September 2024,https://www.port.ac.uk/study/courses/postgraduate-taught/msc-social-work
Sociology BSc (Hons),BSc (Hons),September 2024,https://www.port.ac.uk/study/courses/undergraduate/bsc-hons-sociology
Sociology postgraduate research degrees,NA,NA,https://www.port.ac.uk/study/courses/postgraduate-research/pgr-sociology
Sociology with Criminology BSc (Hons),BSc (Hons),September 2024,https://www.port.ac.uk/study/courses/undergraduate/bsc-hons-sociology-with-criminology
Sociology with Media Studies BSc (Hons),BSc (Hons),September 2024,https://www.port.ac.uk/study/courses/undergraduate/bsc-hons-sociology-with-media-studies
Sociology with Psychology BSc (Hons),BSc (Hons),September 2024,https://www.port.ac.uk/study/courses/undergraduate/bsc-hons-sociology-with-psychology
Software Engineering BSc (Hons),BSc (Hons),September 2024,https://www.port.ac.uk/study/courses/undergraduate/bsc-hons-software-engineering
Sport and Exercise Psychology BSc (Hons),BSc (Hons),September 2024,https://www.port.ac.uk/study/courses/undergraduate/bsc-hons-sport-and-exercise-psychology
Sport and Exercise Psychology Prof Doc,Prof Doc,October 2024,https://www.port.ac.uk/study/courses/postgraduate-taught/prof-doc-sport-and-exercise-psychology
Sport and Exercise Psychology MSc,MSc,September 2024,https://www.port.ac.uk/study/courses/postgraduate-taught/msc-sport-and-exercise-psychology
Sport and Exercise Science BSc (Hons),BSc (Hons),September 2024,https://www.port.ac.uk/study/courses/undergraduate/bsc-hons-sport-and-exercise-science
Sport and exercise science postgraduate research degrees,NA,NA,https://www.port.ac.uk/study/courses/postgraduate-research/pgr-sport-and-exercise-science
Sport Management BSc (Hons),BSc (Hons),September 2024,https://www.port.ac.uk/study/courses/undergraduate/bsc-hons-sport-management
Sport Management MSc,MSc,January 2024,https://www.port.ac.uk/study/courses/postgraduate-taught/msc-sport-management
Sport Management (Top-up) BSc (Hons),BSc (Hons),September 2024,https://www.port.ac.uk/study/courses/undergraduate/bsc-hons-sport-management-top-up
"Sport, Exercise and Health Science Prof Doc",Prof Doc,October 2024,https://www.port.ac.uk/study/courses/postgraduate-research/profdoc-sport-exercise-and-health-science
"Sport, Health and Exercise Sciences (Dual Degree) BSc (Hons)",BSc (Hons),September 2024,https://www.port.ac.uk/study/courses/undergraduate/bsc-hons-sport-health-and-exercise-sciences-dual-degree
Sports Coaching (Top Up) BSc (Hons),BSc (Hons),September 2024,https://www.port.ac.uk/study/courses/undergraduate/bsc-hons-sports-coaching-top-up
Sports Performance MSc,MSc,January 2024,https://www.port.ac.uk/study/courses/postgraduate-taught/msc-sports-performance
Strategic Leadership MBA,MBA,September 2025,https://www.port.ac.uk/study/courses/postgraduate-taught/mba-strategic-leadership
Strategic Leadership Degree Apprenticeship,NA,September 2024,https://www.port.ac.uk/study/courses/postgraduate-taught/strategic-leadership-degree-apprenticeship
Strategic Procurement MSc,MSc,September 2024,https://www.port.ac.uk/study/courses/postgraduate-taught/msc-strategic-procurement
Strategic Quality Management (Distance Learning) MSc,MSc,September 2024,https://www.port.ac.uk/study/courses/postgraduate-taught/msc-strategic-quality-management-distance-learning
"Strength, Conditioning, and Rehabilitation MSc",MSc,September 2024,https://www.port.ac.uk/study/courses/postgraduate-taught/msc-strength-conditioning-and-rehabilitation
Systems Engineering MSc,MSc,September 2024,https://www.port.ac.uk/study/courses/postgraduate-taught/msc-systems-engineering
Terrorism and Security Management (Distance Learning) MSc,MSc,September 2024,https://www.port.ac.uk/study/courses/postgraduate-taught/msc-terrorism-and-security-management-distance-learning
Theatre BA (Hons),BA (Hons),September 2024,https://www.port.ac.uk/study/courses/undergraduate/ba-hons-theatre
Theatre: Socially Engaged Practice MA,MA,September 2025,https://www.port.ac.uk/study/courses/postgraduate-taught/ma-theatre-socially-engaged-practice
Translation Studies MA,MA,January 2024,https://www.port.ac.uk/study/courses/postgraduate-taught/ma-translation-studies
User Experience Design BSc (Hons),BSc (Hons),September 2024,https://www.port.ac.uk/study/courses/undergraduate/bsc-hons-user-experience-design
"Victorian Gothic: History, Literature and Culture MA",MA,January 2024,https://www.port.ac.uk/study/courses/postgraduate-taught/ma-victorian-gothic-history-literature-and-culture
Virtual and Augmented Reality BSc (Hons),BSc (Hons),September 2025,https://www.port.ac.uk/study/courses/undergraduate/bsc-hons-virtual-and-augmented-reality
Virtual Production BSc (Hons),BSc (Hons),September 2024,https://www.port.ac.uk/study/courses/undergraduate/bsc-hons-virtual-production
Water and Environmental Engineering MSc,MSc,January 2024,https://www.port.ac.uk/study/courses/postgraduate-taught/msc-water-and-environmental-engineering
