Course_Title,Degree_Type,Duration,Course_Link
Accounting and Finance,BSc,3 years,https://www.southampton.ac.uk/courses/accounting-finance-degree-bsc
Accounting and Finance with Placement Year,BSc,4 years,https://www.southampton.ac.uk/courses/accounting-finance-with-placement-year-degree-bsc
Accounting and Finance with Study Abroad Year,BSc,4 years,https://www.southampton.ac.uk/courses/accounting-finance-with-study-abroad-year-degree-bsc
Acoustical Engineering,BEng,3 years,https://www.southampton.ac.uk/courses/acoustical-engineering-degree-beng
Acoustical Engineering,MEng,4 years,https://www.southampton.ac.uk/courses/acoustical-engineering-degree-meng
Acoustics with Music,BSc,3 years,https://www.southampton.ac.uk/courses/acoustics-with-music-degree-bsc
Aeronautics and Astronautics,BEng,3 years,https://www.southampton.ac.uk/courses/aeronautics-astronautics-degree-beng
Aeronautics and Astronautics,MEng,4 years,https://www.southampton.ac.uk/courses/aeronautics-astronautics-degree-meng
Aeronautics and Astronautics / Aerodynamics,MEng,4 years,https://www.southampton.ac.uk/courses/aeronautics-astronautics-aerodynamics-degree-meng
Aeronautics and Astronautics / Airvehicle Systems Design,MEng,4 years,https://www.southampton.ac.uk/courses/aeronautics-astronautics-airvehicle-systems-design-degree-meng
Aeronautics and Astronautics / Computational Engineering and Design,MEng,4 years,https://www.southampton.ac.uk/courses/aeronautics-astronautics-computational-engineering-design-degree-meng
Aeronautics and Astronautics / Engineering Management,MEng,4 years,https://www.southampton.ac.uk/courses/aeronautics-astronautics-engineering-management-degree-meng
Aeronautics and Astronautics / Materials and Structures,MEng,4 years,https://www.southampton.ac.uk/courses/aeronautics-astronautics-materials-structures-degree-meng
Aeronautics and Astronautics / Semester Abroad,MEng,4 years,https://www.southampton.ac.uk/courses/aeronautics-astronautics-semester-abroad-degree-meng
Aeronautics and Astronautics / Spacecraft Engineering,MEng,4 years,https://www.southampton.ac.uk/courses/aeronautics-astronautics-spacecraft-engineering-degree-meng
Aerospace Electronic Engineering,MEng,4 years,https://www.southampton.ac.uk/courses/aerospace-electronic-engineering-degree-meng
Aerospace Electronic Engineering,BEng,3 years,https://www.southampton.ac.uk/courses/aerospace-electronic-engineering-degree-beng
Ancient History,BA,3 years,https://www.southampton.ac.uk/courses/ancient-history-degree-ba
Ancient History and Archaeology,BA,3 years,https://www.southampton.ac.uk/courses/ancient-history-archaeology-degree-ba
Ancient History and Archaeology with Year Abroad,BA,4 years,https://www.southampton.ac.uk/courses/ancient-history-archaeology-with-year-abroad-degree-ba
Ancient History and History,BA,3 years,https://www.southampton.ac.uk/courses/ancient-history-history-degree-ba
Ancient History and History with Year Abroad,BA,4 years,https://www.southampton.ac.uk/courses/ancient-history-history-with-year-abroad-degree-ba
Ancient History with Year Abroad,BA,4 years,https://www.southampton.ac.uk/courses/ancient-history-with-year-abroad-degree-ba
Archaeology,BA,3 years,https://www.southampton.ac.uk/courses/archaeology-degree-ba
Archaeology and Anthropology,BA,3 years,https://www.southampton.ac.uk/courses/archaeology-anthropology-degree-ba
Archaeology and Anthropology with Year Abroad,BA,4 years,https://www.southampton.ac.uk/courses/archaeology-anthropology-with-year-abroad-degree-ba
Archaeology with Year Abroad,BA,4 years,https://www.southampton.ac.uk/courses/archaeology-with-year-abroad-degree-ba
Artificial Intelligence,MEng,4 years,https://www.southampton.ac.uk/courses/artificial-intelligence-degree-meng
Artificial Intelligence,BEng,3 years,https://www.southampton.ac.uk/courses/artificial-intelligence-degree-beng
Artificial Intelligence with Industrial Studies,MEng,3 years,https://www.southampton.ac.uk/courses/artificial-intelligence-with-industrial-studies-degree-meng
Astrophysics with Year Abroad,MPhys,4 years,https://www.southampton.ac.uk/courses/astrophysics-with-year-abroad-degree-mphys
Audiology,BSc,3 years,https://www.southampton.ac.uk/courses/audiology-degree-bsc
Audiology,MSci,4 years,https://www.southampton.ac.uk/courses/audiology-degree-msci
Biochemistry,BSc,3 years,https://www.southampton.ac.uk/courses/biochemistry-degree-bsc
Biochemistry,MSci,4 years,https://www.southampton.ac.uk/courses/biochemistry-degree-msci
Biology,BSc,3 years,https://www.southampton.ac.uk/courses/biology-degree-bsc
Biology,MSci,4 years,https://www.southampton.ac.uk/courses/biology-degree-msci
Biology and Marine Biology,MSci,4 years,https://www.southampton.ac.uk/courses/biology-marine-biology-degree-msci
Biology and Marine Biology,BSc,3 years,https://www.southampton.ac.uk/courses/biology-marine-biology-degree-bsc
Biomedical Engineering,MEng,4 years,https://www.southampton.ac.uk/courses/biomedical-engineering-degree-meng
Biomedical Engineering,BEng,3 years,https://www.southampton.ac.uk/courses/biomedical-engineering-degree-beng
Biomedical Engineering with Industrial Studies,MEng,5 years,https://www.southampton.ac.uk/courses/biomedical-engineering-with-industrial-studies-degree-meng
Biomedical Sciences,MSci,4 years,https://www.southampton.ac.uk/courses/biomedical-sciences-degree-msci
Biomedical Sciences,BSc,3 years,https://www.southampton.ac.uk/courses/biomedical-sciences-degree-bsc
Business Analytics,BSc,3 years,https://www.southampton.ac.uk/courses/business-analytics-degree-bsc
Business Analytics with Placement Year,BSc,4 years,https://www.southampton.ac.uk/courses/business-analytics-with-placement-year-degree-bsc
Business Analytics with Study Abroad Year,BSc,4 years,https://www.southampton.ac.uk/courses/business-analytics-with-study-abroad-year-degree-bsc
Business Entrepreneurship,BSc,3 years,https://www.southampton.ac.uk/courses/business-entrepreneurship-degree-bsc
Business Entrepreneurship with Placement Year,BSc,4 years,https://www.southampton.ac.uk/courses/business-entrepreneurship-with-placement-year-degree-bsc
Business Entrepreneurship with Study Abroad Year,BSc,4 years,https://www.southampton.ac.uk/courses/business-entrepreneurship-with-study-abroad-year-degree-bsc
Business Management,BSc,3 years,https://www.southampton.ac.uk/courses/business-management-degree-bsc
Business Management with Placement Year,BSc,4 years,https://www.southampton.ac.uk/courses/business-management-with-placement-year-degree-bsc
Business Management with Study Abroad Year,BSc,4 years,https://www.southampton.ac.uk/courses/business-management-with-study-abroad-year-degree-bsc
Cardiac Physiology (Healthcare Science),BSc,3 years,https://www.southampton.ac.uk/courses/cardiac-physiology-healthcare-science-degree-bsc
Chemical Engineering,BEng,3 years,https://www.southampton.ac.uk/courses/chemical-engineering-degree-beng
Chemical Engineering,MEng,4 years,https://www.southampton.ac.uk/courses/chemical-engineering-degree-meng
Chemistry,MChem,4 years,https://www.southampton.ac.uk/courses/chemistry-degree-mchem
Chemistry,BSc,3 years,https://www.southampton.ac.uk/courses/chemistry-degree-bsc
Chemistry (Digital Methods and Computational Modelling),MChem,4 years,https://www.southampton.ac.uk/courses/chemistry-digital-methods-computational-modelling-degree-mchem
Chemistry (Digital Methods and Computational Modelling),BSc,3 years,https://www.southampton.ac.uk/courses/chemistry-digital-methods-computational-modelling-degree-bsc
Chemistry with External Placement,MChem,4 years,https://www.southampton.ac.uk/courses/chemistry-with-external-placement-degree-mchem
Chemistry with Maths,BSc,3 years,https://www.southampton.ac.uk/courses/chemistry-with-maths-degree-bsc
Chemistry with Maths,MChem,4 years,https://www.southampton.ac.uk/courses/chemistry-with-maths-degree-mchem
Chemistry with Medicinal Sciences,BSc,3 years,https://www.southampton.ac.uk/courses/chemistry-with-medicinal-sciences-degree-bsc
Chemistry with Medicinal Sciences,MChem,4 years,https://www.southampton.ac.uk/courses/chemistry-with-medicinal-sciences-degree-mchem
Chemistry with Year-Long Industry Experience,MChem,4 years,https://www.southampton.ac.uk/courses/chemistry-with-year-long-industry-experience-degree-mchem
Civil Engineering,BEng,3 years,https://www.southampton.ac.uk/courses/civil-engineering-degree-beng
Civil Engineering,MEng,4 years,https://www.southampton.ac.uk/courses/civil-engineering-degree-meng
Civil Engineering and Architecture,MEng,4 years,https://www.southampton.ac.uk/courses/civil-engineering-architecture-degree-meng
Computer Engineering,MEng,4 years,https://www.southampton.ac.uk/courses/computer-engineering-degree-meng
Computer Engineering,BEng,3 years,https://www.southampton.ac.uk/courses/computer-engineering-degree-beng
Computer Science,MEng,4 years,https://www.southampton.ac.uk/courses/computer-science-degree-meng
Computer Science,BSc,3 years,https://www.southampton.ac.uk/courses/computer-science-degree-bsc
Computer Science with Artificial Intelligence,MEng,4 years,https://www.southampton.ac.uk/courses/computer-science-with-artificial-intelligence-degree-meng
Computer Science with Cyber Security,MEng,4 years,https://www.southampton.ac.uk/courses/computer-science-with-cyber-security-degree-meng
Creative Computing,BSc,3 years,https://www.southampton.ac.uk/courses/creative-computing-degree-bsc
Criminology,BSc,3 years,https://www.southampton.ac.uk/courses/criminology-degree-bsc
Criminology and Psychology,BSc,3 years,https://www.southampton.ac.uk/courses/criminology-psychology-degree-bsc
Economics,MEcon,4 years,https://www.southampton.ac.uk/courses/economics-degree-mecon
Economics,BSc,3 years,https://www.southampton.ac.uk/courses/economics-degree-bsc
Economics and Accounting,BSc,3 years,https://www.southampton.ac.uk/courses/economics-accounting-degree-bsc
Economics and Actuarial Science,BSc,3 years,https://www.southampton.ac.uk/courses/economics-actuarial-science-degree-bsc
Economics and Business Management,BSc,3 years,https://www.southampton.ac.uk/courses/economics-business-management-degree-bsc
Economics and Finance,BSc,3 years,https://www.southampton.ac.uk/courses/economics-finance-degree-bsc
Economics and Philosophy,BA,3 years,https://www.southampton.ac.uk/courses/economics-philosophy-degree-ba
Economics and Philosophy with Year Abroad,BA,4 years,https://www.southampton.ac.uk/courses/economics-philosophy-with-year-abroad-degree-ba
Economics with Data Science,BSc,3 years,https://www.southampton.ac.uk/courses/economics-with-data-science-degree-bsc
Education,BSc,3 years,https://www.southampton.ac.uk/courses/education-degree-bsc
Education and Psychology,BSc,3 years,https://www.southampton.ac.uk/courses/education-psychology-degree-bsc
Electrical Engineering,MEng,4 years,https://www.southampton.ac.uk/courses/electrical-engineering-degree-meng
Electrical Engineering,BEng,3 years,https://www.southampton.ac.uk/courses/electrical-engineering-degree-beng
Electrical and Electronic Engineering,BEng,3 years,https://www.southampton.ac.uk/courses/electrical-electronic-engineering-degree-beng
Electrical and Electronic Engineering,MEng,4 years,https://www.southampton.ac.uk/courses/electrical-electronic-engineering-degree-meng
Electronic Engineering,MEng,4 years,https://www.southampton.ac.uk/courses/electronic-engineering-degree-meng
Electronic Engineering,BEng,3 years,https://www.southampton.ac.uk/courses/electronic-engineering-degree-beng
Electronic Engineering with Artificial Intelligence,MEng,4 years,https://www.southampton.ac.uk/courses/electronic-engineering-with-artificial-intelligence-degree-meng
Electronic Engineering with Computer Systems,MEng,4 years,https://www.southampton.ac.uk/courses/electronic-engineering-with-computer-systems-degree-meng
Electronic Engineering with Mobile and Secure Systems,MEng,4 years,https://www.southampton.ac.uk/courses/electronic-engineering-with-mobile-secure-systems-degree-meng
Electronic Engineering with Nanotechnology,MEng,4 years,https://www.southampton.ac.uk/courses/electronic-engineering-with-nanotechnology-degree-meng
Electronic Engineering with Photonics,MEng,4 years,https://www.southampton.ac.uk/courses/electronic-engineering-with-photonics-degree-meng
Electronic Engineering with Wireless Communications,MEng,4 years,https://www.southampton.ac.uk/courses/electronic-engineering-with-wireless-communications-degree-meng
English,BA,3 years,https://www.southampton.ac.uk/courses/english-degree-ba
English Language and Linguistics,BA,3 years,https://www.southampton.ac.uk/courses/english-language-linguistics-degree-ba
English Language and Linguistics with Year Abroad,BA,4 years,https://www.southampton.ac.uk/courses/english-language-linguistics-with-year-abroad-degree-ba
English Language and Literature,BA,3 years,https://www.southampton.ac.uk/courses/english-language-literature-degree-ba
English and History,BA,3 years,https://www.southampton.ac.uk/courses/english-history-degree-ba
English and History with Year Abroad,BA,4 years,https://www.southampton.ac.uk/courses/english-history-with-year-abroad-degree-ba
English and Modern Languages,BA,4 years,https://www.southampton.ac.uk/courses/one-modern-language-english-degree-ba
English with Creative Writing,BA,3 years,https://www.southampton.ac.uk/courses/english-with-creative-writing-degree-ba
Environmental Geoscience,BSc,3 years,https://www.southampton.ac.uk/courses/environmental-geoscience-degree-bsc
Environmental Geoscience,MSci,4 years,https://www.southampton.ac.uk/courses/environmental-geoscience-degree-msci
Environmental Science,BSc,3 years,https://www.southampton.ac.uk/courses/environmental-science-degree-bsc
Environmental Science,MEnvSci,4 years,https://www.southampton.ac.uk/courses/environmental-science-degree-menvsci
European Legal Studies,LLB,4 years,https://www.southampton.ac.uk/courses/european-legal-studies-degree-llb
Fashion Design,BA,3 years,https://www.southampton.ac.uk/courses/fashion-design-degree-ba
Fashion Marketing with Management,BA,3 years,https://www.southampton.ac.uk/courses/fashion-marketing-with-management-degree-ba
Film Studies,BA,3 years,https://www.southampton.ac.uk/courses/film-studies-degree-ba
Film Studies with Year Abroad,BA,4 years,https://www.southampton.ac.uk/courses/film-studies-with-year-abroad-degree-ba
Film and English,BA,3 years,https://www.southampton.ac.uk/courses/film-english-degree-ba
Film and English with Year Abroad,BA,4 years,https://www.southampton.ac.uk/courses/film-english-with-year-abroad-degree-ba
Film and History,BA,3 years,https://www.southampton.ac.uk/courses/film-history-degree-ba
Film and History with Year Abroad,BA,4 years,https://www.southampton.ac.uk/courses/film-history-with-year-abroad-degree-ba
"Film, TV and Digital Media",BA,3 years,https://www.southampton.ac.uk/courses/film-tv-digital-media-degree-ba
Finance and Financial Technology,BSc,3 years,https://www.southampton.ac.uk/courses/finance-financial-technology-degree-bsc
Finance and Financial Technology with Placement Year,BSc,4 years,https://www.southampton.ac.uk/courses/finance-financial-technology-with-placement-year-degree-bsc
Finance and Financial Technology with Study Abroad Year,BSc,4 years,https://www.southampton.ac.uk/courses/finance-financial-technology-with-study-abroad-year-degree-bsc
Fine Art,BA,3 years,https://www.southampton.ac.uk/courses/fine-art-degree-ba
Games Design and Art,BA,3 years,https://www.southampton.ac.uk/courses/games-design-art-degree-ba
Geography,BSc,3 years,https://www.southampton.ac.uk/courses/geography-degree-bsc
Geography,BA,3 years,https://www.southampton.ac.uk/courses/geography-degree-ba
Geology,BSc,3 years,https://www.southampton.ac.uk/courses/geology-degree-bsc
Geology,MSci,4 years,https://www.southampton.ac.uk/courses/geology-degree-msci
Graphic Communication,BA,3 years,https://www.southampton.ac.uk/courses/graphic-communication-degree-ba
History,BA,3 years,https://www.southampton.ac.uk/courses/history-degree-ba
History and Modern Languages,BA,4 years,https://www.southampton.ac.uk/courses/one-modern-language-history-degree-ba
History with Year Abroad,BA,4 years,https://www.southampton.ac.uk/courses/history-with-year-abroad-degree-ba
Human Geography,BA,3 years,https://www.southampton.ac.uk/courses/human-geography-degree-ba
International Business,BSc,3 years,https://www.southampton.ac.uk/courses/international-business-degree-bsc
International Legal Studies,LLB,4 years,https://www.southampton.ac.uk/courses/international-legal-studies-degree-llb
International Relations,BSc,3 years,https://www.southampton.ac.uk/courses/international-relations-degree-bsc
"Language, Culture and Communication",BA,3 years,https://www.southampton.ac.uk/courses/language-culture-communication-degree-ba
Law,LLB,3 years,https://www.southampton.ac.uk/courses/law-degree-llb
Law Accelerated Programme,LLB,2 years,https://www.southampton.ac.uk/courses/law-accelerated-programme-degree-llb
Law Accelerated Programme JD Pathway,LLB,2 years,https://www.southampton.ac.uk/courses/law-accelerated-programme-jd-pathway-degree-llb
Law with Psychology,LLB,3 years,https://www.southampton.ac.uk/courses/law-with-psychology-degree-llb
Liberal Arts,BA,3 years,https://www.southampton.ac.uk/courses/liberal-arts-degree-ba
Marine Biology,MSci,4 years,https://www.southampton.ac.uk/courses/marine-biology-degree-msci
Marine Biology,BSc,3 years,https://www.southampton.ac.uk/courses/marine-biology-degree-bsc
Marine Biology with Oceanography,MSci,4 years,https://www.southampton.ac.uk/courses/marine-biology-with-oceanography-degree-msci
Marine Biology with Oceanography,BSc,3 years,https://www.southampton.ac.uk/courses/marine-biology-with-oceanography-degree-bsc
Maritime Engineering,BEng,3 years,https://www.southampton.ac.uk/courses/maritime-engineering-degree-beng
Maritime Engineering,MEng,4 years,https://www.southampton.ac.uk/courses/maritime-engineering-degree-meng
Marketing,BSc,3 years,https://www.southampton.ac.uk/courses/marketing-degree-bsc
Marketing with Placement Year,BSc,4 years,https://www.southampton.ac.uk/courses/marketing-with-placement-year-degree-bsc
Marketing with Study Abroad Year,BSc,4 years,https://www.southampton.ac.uk/courses/marketing-with-study-abroad-year-degree-bsc
Mathematical Physics,MMath,4 years,https://www.southampton.ac.uk/courses/mathematical-physics-degree-mmath
Mathematical Sciences,BSc,3 years,https://www.southampton.ac.uk/courses/mathematical-sciences-degree-bsc
Mathematics,MMath,4 years,https://www.southampton.ac.uk/courses/mathematics-degree-mmath
Mathematics,BSc,3 years,https://www.southampton.ac.uk/courses/mathematics-degree-bsc
Mathematics with Actuarial Science,BSc,3 years,https://www.southampton.ac.uk/courses/mathematics-with-actuarial-science-degree-bsc
Mathematics with Computer Science,BSc,3 years,https://www.southampton.ac.uk/courses/mathematics-with-computer-science-degree-bsc
Mathematics with Finance,BSc,3 years,https://www.southampton.ac.uk/courses/mathematics-with-finance-degree-bsc
Mathematics with French,BSc,4 years,https://www.southampton.ac.uk/courses/mathematics-with-french-degree-bsc
Mathematics with German,BSc,4 years,https://www.southampton.ac.uk/courses/mathematics-with-german-degree-bsc
Mathematics with Spanish,BSc,4 years,https://www.southampton.ac.uk/courses/mathematics-with-spanish-degree-bsc
Mathematics with Statistics,BSc,3 years,https://www.southampton.ac.uk/courses/mathematics-with-statistics-degree-bsc
"Mathematics, Operational Research, Statistics and Economics",BSc,3 years,https://www.southampton.ac.uk/courses/mathematics-operational-research-statistics-economics-degree-bsc
"Mathematics, Operational Research, Statistics and Economics",MMORSE,4 years,https://www.southampton.ac.uk/courses/mathematics-operational-research-statistics-economics-degree-mmorse
Mechanical Engineering,BEng,3 years,https://www.southampton.ac.uk/courses/mechanical-engineering-degree-beng
Mechanical Engineering,MEng,4 years,https://www.southampton.ac.uk/courses/mechanical-engineering-degree-meng
Mechanical Engineering / Acoustical Engineering,MEng,4 years,https://www.southampton.ac.uk/courses/mechanical-engineering-acoustical-engineering-degree-meng
Mechanical Engineering / Aerospace Engineering,MEng,4 years,https://www.southampton.ac.uk/courses/mechanical-engineering-aerospace-engineering-degree-meng
Mechanical Engineering / Automotive Engineering,MEng,4 years,https://www.southampton.ac.uk/courses/mechanical-engineering-automotive-engineering-degree-meng
Mechanical Engineering / Biomedical Engineering,MEng,4 years,https://www.southampton.ac.uk/courses/mechanical-engineering-biomedical-engineering-degree-meng
Mechanical Engineering / Computational Engineering and Design,MEng,4 years,https://www.southampton.ac.uk/courses/mechanical-engineering-computational-engineering-design-degree-meng
Mechanical Engineering / Engineering Management,MEng,4 years,https://www.southampton.ac.uk/courses/mechanical-engineering-engineering-management-degree-meng
Mechanical Engineering / Materials,MEng,4 years,https://www.southampton.ac.uk/courses/mechanical-engineering-materials-degree-meng
Mechanical Engineering / Mechatronics,MEng,4 years,https://www.southampton.ac.uk/courses/mechanical-engineering-mechatronics-degree-meng
Mechanical Engineering / Naval Engineering,MEng,4 years,https://www.southampton.ac.uk/courses/mechanical-engineering-naval-engineering-degree-meng
Mechanical Engineering / Sustainable Energy Systems,MEng,4 years,https://www.southampton.ac.uk/courses/mechanical-engineering-sustainable-energy-systems-degree-meng
Mechatronic Engineering,BEng,3 years,https://www.southampton.ac.uk/courses/mechatronic-engineering-degree-beng
Mechatronic Engineering,MEng,4 years,https://www.southampton.ac.uk/courses/mechatronic-engineering-degree-meng
Medical Engineering,BEng,3 years,https://www.southampton.ac.uk/courses/medical-engineering-degree-beng
Medical Engineering,MEng,4 years,https://www.southampton.ac.uk/courses/medical-engineering-degree-meng
Medical Engineering with Industrial Placement Year,MEng,5 years,https://www.southampton.ac.uk/courses/medical-engineering-with-industrial-placement-year-degree-meng
Medical Engineering with Industrial Placement Year,BEng,4 years,https://www.southampton.ac.uk/courses/medical-engineering-with-industrial-placement-year-degree-beng
Medicine BM4 Graduate Entry,BMBS,4 years,https://www.southampton.ac.uk/courses/medicine-bm4-graduate-entry-degree-bmbs
Medicine BM5,BMBS,5 years,https://www.southampton.ac.uk/courses/medicine-bm5-degree-bmbs
Medicine BM6 Widening Participation,BMBS,6 years,https://www.southampton.ac.uk/courses/medicine-bm6-widening-participation-degree-bmbs
Midwifery,BSc,3 years,https://www.southampton.ac.uk/courses/midwifery-degree-bsc
Modern History and Politics,BA,3 years,https://www.southampton.ac.uk/courses/modern-history-politics-degree-ba
Modern History and Politics with Year Abroad,BA,4 years,https://www.southampton.ac.uk/courses/modern-history-politics-with-year-abroad-degree-ba
"Modern Languages (1 language: French, German or Spanish)",BA,4 years,https://www.southampton.ac.uk/courses/one-modern-language-french-german-spanish-degree-ba
"Modern Languages (1 language: French, German or Spanish)",MLang,4 years,https://www.southampton.ac.uk/courses/one-modern-language-french-german-spanish-degree-mlang
"Modern Languages (2 languages: French, German or Spanish)",MLang,4 years,https://www.southampton.ac.uk/courses/two-languages-french-german-spanish-degree-mlang
"Modern Languages (2 languages: French, German, Portuguese or Spanish)",BA,4 years,https://www.southampton.ac.uk/courses/two-modern-languages-french-german-spanish-portuguese-degree-ba
"Modern Languages (3 languages: Chinese, French, German, Portuguese or Spanish)",BA,4 years,https://www.southampton.ac.uk/courses/three-modern-languages-degree-ba
Modern Languages (French and German) and Linguistics,MLang,4 years,https://www.southampton.ac.uk/courses/french-and-german-linguistic-studies-degree-mlang
Modern Languages (French and Spanish) and Linguistics,BA,4 years,https://www.southampton.ac.uk/courses/french-and-spanish-linguistic-studies-degree-ba
Modern Languages (French) and Philosophy,BA,4 years,https://www.southampton.ac.uk/courses/french-and-philosophy-degree-ba
"Modern Languages and Business Management (1 language: French, German or Spanish)",BSc,4 years,https://www.southampton.ac.uk/courses/one-modern-language-business-management-degree-bsc
"Modern Languages and Linguistics (1 Language: French, German or Spanish)",BA,4 years,https://www.southampton.ac.uk/courses/one-modern-language-linguistics-french-german-spanish-degree-ba
"Modern Languages and Linguistics (1 language: French, German or Spanish)",MLang,4 years,https://www.southampton.ac.uk/courses/one-modern-language-linguistics-french-german-spanish-degree-mlang
"Modern Languages and Linguistics (2 languages: French, German or Spanish)",BA,4 years,https://www.southampton.ac.uk/courses/two-modern-languages-linguistics-french-german-spanish-degree-ba
"Modern Languages and Linguistics (2 languages: French, German or Spanish)",MLang,4 years,https://www.southampton.ac.uk/courses/two-modern-languages-linguistics-french-german-spanish-degree-mlang
Modern Languages and Philosophy (1 language: French or German),BA,4 years,https://www.southampton.ac.uk/courses/one-modern-language-philosophy-french-german-degree-ba
"Modern Languages and Politics (1 language: French, German or Spanish)",BA,4 years,https://www.southampton.ac.uk/courses/one-modern-language-politics-french-german-spanish-degree-ba
Music,BA,3 years,https://www.southampton.ac.uk/courses/music-degree-ba
Music and Business Management,BA,3 years,https://www.southampton.ac.uk/courses/music-business-management-degree-ba
Music and Business Management with Year Abroad,BA,4 years,https://www.southampton.ac.uk/courses/music-business-management-with-year-abroad-degree-ba
Music with Year Abroad,BA,4 years,https://www.southampton.ac.uk/courses/music-with-year-abroad-degree-ba
Neuroscience,BSc,3 years,https://www.southampton.ac.uk/courses/neuroscience-degree-bsc
Neuroscience,MSci,4 years,https://www.southampton.ac.uk/courses/neuroscience-degree-msci
Nursing (Adult and Child),MNurs,4 years,https://www.southampton.ac.uk/courses/nursing-adult-child-degree-mnurs
Nursing (Adult and Mental Health),MNurs,4 years,https://www.southampton.ac.uk/courses/nursing-adult-mental-health-degree-mnurs
Nursing (Adult),BSc,3 years,https://www.southampton.ac.uk/courses/nursing-adult-degree-bsc
Nursing (Child and Mental Health),MNurs,4 years,https://www.southampton.ac.uk/courses/nursing-child-mental-health-degree-mnurs
Nursing (Child),BSc,3 years,https://www.southampton.ac.uk/courses/nursing-child-degree-bsc
Nursing (Mental Health),BSc,3 years,https://www.southampton.ac.uk/courses/nursing-mental-health-degree-bsc
Occupational Therapy,BSc,3 years,https://www.southampton.ac.uk/courses/occupational-therapy-degree-bsc
Oceanography,MSci,4 years,https://www.southampton.ac.uk/courses/oceanography-degree-msci
Oceanography,BSc,3 years,https://www.southampton.ac.uk/courses/oceanography-degree-bsc
Particle Physics with Research Year Abroad,MPhys,4 years,https://www.southampton.ac.uk/courses/particle-physics-with-research-year-abroad-degree-mphys
Pharmacology,BSc,3 years,https://www.southampton.ac.uk/courses/pharmacology-degree-bsc
Pharmacology and Drug Discovery,MSci,4 years,https://www.southampton.ac.uk/courses/pharmacology-drug-discovery-degree-msci
Philosophy,BA,3 years,https://www.southampton.ac.uk/courses/philosophy-degree-ba
Philosophy and English,BA,3 years,https://www.southampton.ac.uk/courses/philosophy-english-degree-ba
Philosophy and English with Year Abroad,BA,4 years,https://www.southampton.ac.uk/courses/philosophy-english-with-year-abroad-degree-ba
Philosophy and History,BA,3 years,https://www.southampton.ac.uk/courses/philosophy-history-degree-ba
Philosophy and History with Year Abroad,BA,4 years,https://www.southampton.ac.uk/courses/philosophy-history-with-year-abroad-degree-ba
Philosophy and Politics,BA,3 years,https://www.southampton.ac.uk/courses/philosophy-politics-degree-ba
Philosophy and Politics with Year Abroad,BA,4 years,https://www.southampton.ac.uk/courses/philosophy-politics-with-year-abroad-degree-ba
Philosophy with Year Abroad,BA,4 years,https://www.southampton.ac.uk/courses/philosophy-with-year-abroad-degree-ba
"Philosophy, Ethics and Religion",BA,3 years,https://www.southampton.ac.uk/courses/philosophy-ethics-religion-degree-ba
"Philosophy, Ethics and Religion with Year Abroad",BA,4 years,https://www.southampton.ac.uk/courses/philosophy-ethics-religion-with-year-abroad-degree-ba
"Philosophy, Politics and Economics",BA,3 years,https://www.southampton.ac.uk/courses/philosophy-politics-economics-degree-ba
"Philosophy, Politics and Economics with Year Abroad",BA,4 years,https://www.southampton.ac.uk/courses/philosophy-politics-economics-with-year-abroad-degree-ba
Physical Geography,BSc,3 years,https://www.southampton.ac.uk/courses/physical-geography-degree-bsc
Physics,BSc,3 years,https://www.southampton.ac.uk/courses/physics-degree-bsc
Physics,MPhys,4 years,https://www.southampton.ac.uk/courses/physics-degree-mphys
Physics with Astronomy,MPhys,4 years,https://www.southampton.ac.uk/courses/physics-with-astronomy-degree-mphys
Physics with Industrial Placement,MPhys,4 years,https://www.southampton.ac.uk/courses/physics-with-industrial-placement-degree-mphys
Physics with Mathematics,MPhys,4 years,https://www.southampton.ac.uk/courses/physics-with-mathematics-degree-mphys
Physics with Nanotechnology,MPhys,4 years,https://www.southampton.ac.uk/courses/physics-with-nanotechnology-degree-mphys
Physics with Photonics,MPhys,4 years,https://www.southampton.ac.uk/courses/physics-with-photonics-degree-mphys
Physics with Quantum Science and Technologies,MPhys,4 years,https://www.southampton.ac.uk/courses/physics-with-quantum-science-technologies-degree-mphys
Physics with Space Science,MPhys,4 years,https://www.southampton.ac.uk/courses/physics-with-space-science-degree-mphys
Physics with Year of Experimental Research,MPhys,4 years,https://www.southampton.ac.uk/courses/physics-with-year-of-experimental-research-degree-mphys
Physiotherapy,BSc,3 years,https://www.southampton.ac.uk/courses/physiotherapy-degree-bsc
Podiatry,BSc,3 years,https://www.southampton.ac.uk/courses/podiatry-degree-bsc
Politics,BSc,3 years,https://www.southampton.ac.uk/courses/politics-degree-bsc
Politics and Economics,BSc,3 years,https://www.southampton.ac.uk/courses/politics-economics-degree-bsc
Politics and International Relations,BSc,3 years,https://www.southampton.ac.uk/courses/politics-international-relations-degree-bsc
Population Sciences,BSc,3 years,https://www.southampton.ac.uk/courses/population-sciences-degree-bsc
Psychology,BSc,3 years,https://www.southampton.ac.uk/courses/psychology-degree-bsc
Sociology,BSc,3 years,https://www.southampton.ac.uk/courses/sociology-degree-bsc
Sociology and Criminology,BSc,3 years,https://www.southampton.ac.uk/courses/sociology-criminology-degree-bsc
Software Engineering,MEng,4 years,https://www.southampton.ac.uk/courses/software-engineering-degree-meng
Software Engineering,BEng,3 years,https://www.southampton.ac.uk/courses/software-engineering-degree-beng
Textile Design,BA,3 years,https://www.southampton.ac.uk/courses/textile-design-degree-ba
Zoology,BSc,3 years,https://www.southampton.ac.uk/courses/zoology-degree-bsc
Zoology,MSci,4 years,https://www.southampton.ac.uk/courses/zoology-degree-msci
Accounting and Finance,MSc,1 year,https://www.southampton.ac.uk/courses/accounting-finance-masters-msc
Accounting and Management,MSc,1 year,https://www.southampton.ac.uk/courses/accounting-management-masters-msc
Acoustical and Vibration Engineering,MSc,1 year,https://www.southampton.ac.uk/courses/acoustical-vibration-engineering-masters-msc
Actuarial Science,MSc,1 year,https://www.southampton.ac.uk/courses/actuarial-science-masters-msc
Advanced Biological Sciences,MRes,1 year,https://www.southampton.ac.uk/courses/advanced-biological-sciences-masters-mres
Advanced Chemical Engineering,MSc,1 year,https://www.southampton.ac.uk/courses/advanced-chemical-engineering-masters-msc
Advanced Clinical Practice (Advanced Allied Health Practitioner),MSc,2 to 5 years,https://www.southampton.ac.uk/courses/advanced-clinical-practice-advanced-allied-health-practitioner-masters-msc
Advanced Clinical Practice (Advanced Critical Care Practitioner),MSc,2 to 5 years,https://www.southampton.ac.uk/courses/advanced-clinical-practice-advanced-critical-care-practitioner-masters-msc
Advanced Clinical Practice (Advanced Neonatal Nurse Practitioner),MSc,2 to 5 years,https://www.southampton.ac.uk/courses/advanced-clinical-practice-advanced-neonatal-nurse-practitioner-masters-msc
Advanced Clinical Practice (Advanced Nurse Practitioner),MSc,2 to 5 years,https://www.southampton.ac.uk/courses/advanced-clinical-practice-advanced-nurse-practitioner-masters-msc
Advanced Clinical Practice and Supervision (Senior Wellbeing Practitioner),PGDip,2 years,https://www.southampton.ac.uk/courses/advanced-clinical-practice-supervision-senior-wellbeing-practitioner-masters-pgdip
Advanced Health Assessment and Prescribing,PGCert,3 years,https://www.southampton.ac.uk/courses/advanced-health-assessment-prescribing-masters-pgcert
Advanced Supervision,PGCert,1 year,https://www.southampton.ac.uk/courses/advanced-supervision-masters-pgcert
Aerodynamics and Computation,MSc,1 year,https://www.southampton.ac.uk/courses/aerodynamics-computation-masters-msc
Allergy,PGCert,2 years,https://www.southampton.ac.uk/courses/allergy-pgcert
Allergy,PGDip,2 to 4 years,https://www.southampton.ac.uk/courses/allergy-pgdip
Allergy,MSc,2 to 5 years,https://www.southampton.ac.uk/courses/allergy-masters-msc
Amputation and Prosthetic Rehabilitation,MSc,1 year,https://www.southampton.ac.uk/courses/amputation-prosthetic-rehabilitation-masters-msc
Applied Geographical Information Systems and Remote Sensing,MSc,1 year,https://www.southampton.ac.uk/courses/applied-geographical-information-systems-remote-sensing-masters-msc
Applied Linguistics for Language Teaching,MA,1 year,https://www.southampton.ac.uk/courses/applied-linguistics-for-language-teaching-masters-ma
Applied Statistics,MSc,1 year,https://www.southampton.ac.uk/courses/applied-statistics-masters-msc
Archaeology,MSc,1 year,https://www.southampton.ac.uk/courses/archaeology-masters-msc
Archaeology Bioarchaeology,MSc,1 year,https://www.southampton.ac.uk/courses/archaeology-bioarchaeology-masters-msc
Archaeology Palaeoanthropology,MSc,1 year,https://www.southampton.ac.uk/courses/archaeology-palaeoanthropology-masters-msc
Art and Design,PGCE,1 year,https://www.southampton.ac.uk/courses/art-and-design-pgce
Artificial Intelligence,MSc,1 year,https://www.southampton.ac.uk/courses/artificial-intelligence-masters-msc
Arts and Cultural Leadership,MA,1 year,https://www.southampton.ac.uk/courses/arts-cultural-leadership-masters-ma
Audiology,MSc,1 year,https://www.southampton.ac.uk/courses/audiology-masters-msc
Audiology with Clinical Placement,MSc,2 years,https://www.southampton.ac.uk/courses/audiology-with-clinical-placement-masters-msc
Big Data Biology,MRes,1 year,https://www.southampton.ac.uk/courses/big-data-biology-masters-mres
Biodiversity and Conservation,MSc,1 year,https://www.southampton.ac.uk/courses/biodiversity-conservation-masters-msc
Biomedical Engineering,MSc,1 year,https://www.southampton.ac.uk/courses/biomedical-engineering-masters-msc
Biomedical Sciences by Research,NA,1 year,https://www.southampton.ac.uk/courses/biomedical-sciences-by-research-masters-msc
Business Analytics and Finance,MSc,1 year,https://www.southampton.ac.uk/courses/business-analytics-finance-masters-msc
Business Analytics and Management Science,MSc,1 year,https://www.southampton.ac.uk/courses/business-analytics-management-science-masters-msc
Business Strategy and Innovation Management,MSc,1 year,https://www.southampton.ac.uk/courses/business-strategy-innovation-management-masters-msc
Business and Heritage Management,MSc,1 year,https://www.southampton.ac.uk/courses/business-heritage-management-masters-msc
Cancer Biology and Immunology,MSc,1 year,https://www.southampton.ac.uk/courses/cancer-biology-immunology-masters-msc
Chemistry,MSc,1 year,https://www.southampton.ac.uk/courses/chemistry-masters-msc
Chemistry by Research,MSc,1 year,https://www.southampton.ac.uk/courses/chemistry-by-research-masters-msc
Civil Engineering,MSc,1 year,https://www.southampton.ac.uk/courses/civil-engineering-masters-msc
Civil Engineering with Integrated Qualifying Year,MSc,2 years,https://www.southampton.ac.uk/courses/civil-engineering-with-integrated-qualifying-year-masters-msc
Clinical and Health Research,MRes,1 year,https://www.southampton.ac.uk/courses/clinical-health-research-masters-mres
Cognitive behavioural therapy (CBT) (Anxiety and Depression),PGDip,1 year,https://www.southampton.ac.uk/courses/cbt-anxiety-and-depression-pgdip
Cognitive behavioural therapy (CBT) (Severe Mental Health),PGCert,1 year,https://www.southampton.ac.uk/courses/cbt-severe-mental-health-pgcert
Cognitive behavioural therapy (CBT) (Severe Mental Health),PGDip,2 years,https://www.southampton.ac.uk/courses/cbt-severe-mental-health-pgdip
Communication Design,MA,1 year,https://www.southampton.ac.uk/courses/communication-design-masters-ma
Computational Engineering Design (Advanced Mechanical Engineering Science),MSc,1 year,https://www.southampton.ac.uk/courses/computational-engineering-design-advanced-mechanical-engineering-science-masters-msc
Computer Science,MSc,1 year,https://www.southampton.ac.uk/courses/computer-science-masters-msc
Contemporary Curating,MA,1 year,https://www.southampton.ac.uk/courses/contemporary-curating-masters-ma
Creative Technologies,MSc,1 year,https://www.southampton.ac.uk/courses/creative-technologies-masters-msc
Creative Writing,MA,1 year,https://www.southampton.ac.uk/courses/creative-writing-masters-ma
Criminology,MSc,1 year,https://www.southampton.ac.uk/courses/criminology-masters-msc
Cultural Heritage Studies,MA,1 year,https://www.southampton.ac.uk/courses/cultural-heritage-studies-masters-ma
Cultural Heritage Studies (Heritage and Museums),MA,1 year,https://www.southampton.ac.uk/courses/cultural-heritage-studies-heritage-museums-masters-ma
Cultural Heritage Studies (Heritage and Public History),MA,1 year,https://www.southampton.ac.uk/courses/cultural-heritage-studies-heritage-public-history-masters-ma
Cultural Heritage Studies (Heritage and the Arts),MA,1 year,https://www.southampton.ac.uk/courses/cultural-heritage-studies-heritage-the-arts-masters-ma
Cyber Security,MSc,1 year,https://www.southampton.ac.uk/courses/cyber-security-masters-msc
Data Analytics for Government,MSc,1 to 5 years,https://www.southampton.ac.uk/courses/data-analytics-for-government-masters-msc
Data Science,MSc,1 year,https://www.southampton.ac.uk/courses/data-science-masters-msc
Data and Decision Analytics,MSc,1 year,https://www.southampton.ac.uk/courses/data-decision-analytics-masters-msc
Demography,MSc,1 year,https://www.southampton.ac.uk/courses/demography-masters-msc
Design Management,MA,1 year,https://www.southampton.ac.uk/courses/design-management-masters-ma
Digital Business,MSc,1 year,https://www.southampton.ac.uk/courses/digital-business-masters-msc
Digital Chemistry,MSc,1 year,https://www.southampton.ac.uk/courses/digital-chemistry-masters-msc
Digital Marketing,MSc,1 year,https://www.southampton.ac.uk/courses/digital-marketing-masters-msc
Digital Strategy and Information Systems,MSc,1 year,https://www.southampton.ac.uk/courses/digital-strategy-information-systems-masters-msc
ELT/TESOL Studies,MA,1 year,https://www.southampton.ac.uk/courses/elttesol-studies-masters-ma
Economics,MRes,1 year,https://www.southampton.ac.uk/courses/economics-masters-mres
Economics,MSc,1 year,https://www.southampton.ac.uk/courses/economics-masters-msc
Education,MSc,1 year,https://www.southampton.ac.uk/courses/education-masters-msc
Education Management and Leadership,MSc,1 year,https://www.southampton.ac.uk/courses/education-management-and-leadership-masters-msc
Education Mental Health Practitioner,PGDip,1 year,https://www.southampton.ac.uk/courses/education-mental-health-practitioner-pgdip
Education Online,MSc,2 years,https://www.southampton.ac.uk/courses/education-online-masters-msc
Education Practice and Innovation,MSc,1 year,https://www.southampton.ac.uk/courses/education-practice-innovation-masters-msc
Electrical Power Systems,MSc,1 year,https://www.southampton.ac.uk/courses/electrical-power-systems-masters-msc
Electrochemistry and Battery Technologies,MSc,1 year,https://www.southampton.ac.uk/courses/electrochemistry-battery-technologies-masters-msc
Electronic Engineering,MSc,1 year,https://www.southampton.ac.uk/courses/electronic-engineering-masters-msc
"Energy and Sustainability: Energy, Environment and Buildings",MSc,1 year,https://www.southampton.ac.uk/courses/energy-sustainability-energy-environment-buildings-masters-msc
"Energy and Sustainability: Energy, Resources and Climate Change",MSc,1 year,https://www.southampton.ac.uk/courses/energy-sustainability-energy-resources-climate-change-masters-msc
Engineering Materials (Advanced Mechanical Engineering Science),MSc,1 year,https://www.southampton.ac.uk/courses/engineering-materials-advanced-mechanical-engineering-science-masters-msc
English,PGCE,1 year,https://www.southampton.ac.uk/courses/english-pgce
English Language Teaching TESOL,MA,1 year,https://www.southampton.ac.uk/courses/english-language-teaching-tesol-masters-ma
English Literary Studies,MA,1 year,https://www.southampton.ac.uk/courses/english-literary-studies-masters-ma
English Literary Studies (Eighteenth Century),MA,1 year,https://www.southampton.ac.uk/courses/english-literary-studies-eighteenth-century-masters-ma
English Literary Studies (Nineteenth Century),MA,1 year,https://www.southampton.ac.uk/courses/english-literary-studies-nineteenth-century-masters-ma
English Literary Studies (Postcolonial and World Literatures),MA,1 year,https://www.southampton.ac.uk/courses/english-literary-studies-postcolonial-world-literatures-masters-ma
English Literary Studies (Twentieth Century and Contemporary),MA,1 year,https://www.southampton.ac.uk/courses/english-literary-studies-twentieth-century-contemporary-masters-ma
Environmental Consultancy,MSc,1 year,https://www.southampton.ac.uk/courses/environmental-consultancy-masters-msc
Environmental Monitoring and Assessment,MSc,1 year,https://www.southampton.ac.uk/courses/environmental-monitoring-assessment-masters-msc
Environmental Pollution Control,MSc,1 year,https://www.southampton.ac.uk/courses/environmental-pollution-control-masters-msc
European Master's in Embedded Computing Systems,MSc,2 years,https://www.southampton.ac.uk/courses/european-masters-in-embedded-computing-systems-masters-msc
Evolution: From the Galapagos to the 21st Century,MRes,1 year,https://www.southampton.ac.uk/courses/evolution-from-the-galapagos-to-the-21st-century-masters-mres
Fashion Design,MA,1 year,https://www.southampton.ac.uk/courses/fashion-design-masters-ma
Fashion Management,MA,1 year,https://www.southampton.ac.uk/courses/fashion-management-masters-ma
Fashion Marketing and Branding,MA,1 year,https://www.southampton.ac.uk/courses/fashion-marketing-branding-masters-ma
Film Studies,MA,1 year,https://www.southampton.ac.uk/courses/film-studies-masters-ma
Film and Cultural Management,MA,1 year,https://www.southampton.ac.uk/courses/film-cultural-management-masters-ma
Finance,MSc,1 year,https://www.southampton.ac.uk/courses/finance-masters-msc
Finance and Econometrics,MSc,1 year,https://www.southampton.ac.uk/courses/finance-econometrics-masters-msc
Finance and Economics,MSc,1 year,https://www.southampton.ac.uk/courses/finance-economics-masters-msc
Fine Art,MA,1 year,https://www.southampton.ac.uk/courses/fine-art-masters-ma
Foundations of Clinical Psychology,MSc,1 year,https://www.southampton.ac.uk/courses/foundations-of-clinical-psychology-masters-msc
Genomics,MSc,1 year,https://www.southampton.ac.uk/courses/genomics-masters-msc
Geography,PGCE,1 year,https://www.southampton.ac.uk/courses/geography-pgce
Gerontology,MSc,1 year,https://www.southampton.ac.uk/courses/gerontology-masters-msc
Gerontology,PGCert,1 year,https://www.southampton.ac.uk/courses/gerontology-pgcert
Gerontology (Distance Learning),PGDip,1 year,https://www.southampton.ac.uk/courses/gerontology-distance-learning-pgdip
Gerontology (Distance Learning),PGCert,1 year,https://www.southampton.ac.uk/courses/gerontology-distance-learning-pgcert
Gerontology (Distance Learning),MSc,1 year,https://www.southampton.ac.uk/courses/gerontology-distance-learning-masters-msc
Gerontology: Research,MSc,1 year,https://www.southampton.ac.uk/courses/gerontology-research-masters-msc
Global Advertising and Branding,MA,1 year,https://www.southampton.ac.uk/courses/global-advertising-branding-masters-ma
Global Ageing and Policy (Distance Learning),PGDip,1 year,https://www.southampton.ac.uk/courses/global-ageing-and-policy-distance-learning-pgdip
Global Ageing and Policy (Distance Learning),PGCert,1 year,https://www.southampton.ac.uk/courses/global-ageing-and-policy-distance-learning-pgcert
Global Ageing and Policy (Distance Learning),MSc,1 year,https://www.southampton.ac.uk/courses/global-ageing-policy-distance-learning-masters-msc
Global Business Ethics and Philosophy of Management,MA,1 year,https://www.southampton.ac.uk/courses/global-business-ethics-philosophy-of-management-masters-ma
"Global Challenges - History, Policy and Practice",MA,1 year,https://www.southampton.ac.uk/courses/global-challenges-history-policy-practice-degree-MA
Global Health,MSc,1 year,https://www.southampton.ac.uk/courses/global-health-masters-msc
Global Literary Industries Management,MA,1 year,https://www.southampton.ac.uk/courses/global-literary-industries-management-masters-ma
Global Marine Resource Management,MSc,1 year,https://www.southampton.ac.uk/courses/global-marine-resource-management-masters-msc
Global Media Management,MA,1 year,https://www.southampton.ac.uk/courses/global-media-management-masters-ma
Health Psychology,MSc,1 year,https://www.southampton.ac.uk/courses/health-psychology-masters-msc
Higher Archaeological Practice,MSc,1 year,https://www.southampton.ac.uk/courses/higher-archaeological-practice-masters-msc
History,PGCE,1 year,https://www.southampton.ac.uk/courses/history-pgce
History,MA,1 year,https://www.southampton.ac.uk/courses/history-masters-ma
"Holocaust: History, Experience, Heritage",MA,1 year,https://www.southampton.ac.uk/courses/holocaust-history-experience-heritage-masters-ma
Human Resource Management,MSc,1 year,https://www.southampton.ac.uk/courses/human-resource-management-masters-msc
International Banking and Financial Studies,MSc,1 year,https://www.southampton.ac.uk/courses/international-banking-financial-studies-masters-msc
International Commercial and Corporate Law,LLM,1 year,https://www.southampton.ac.uk/courses/international-commercial-corporate-law-masters-llm
International Entrepreneurship and Management,MSc,1 year,https://www.southampton.ac.uk/courses/international-entrepreneurship-management-masters-msc
International Financial Markets,MSc,1 year,https://www.southampton.ac.uk/courses/international-financial-markets-masters-msc
International Law and Human Rights,LLM,1 year,https://www.southampton.ac.uk/courses/international-law-human-rights-masters-llm
International Management,MSc,1 year,https://www.southampton.ac.uk/courses/international-management-masters-msc
International Music Management,MA,1 year,https://www.southampton.ac.uk/courses/international-music-management-masters-ma
International Security and Risk,MSc,1 year,https://www.southampton.ac.uk/courses/international-security-risk-masters-msc
Internet of Things,MSc,1 year,https://www.southampton.ac.uk/courses/internet-of-things-masters-msc
Languages and Cultures,MA,1 year,https://www.southampton.ac.uk/courses/languages-cultures-masters-ma
Laws,LLM,1 year,https://www.southampton.ac.uk/courses/laws-masters-llm
Leadership and Management in Health and Social Care,MSc,1 year,https://www.southampton.ac.uk/courses/leadership-management-in-health-social-care-masters-msc
Logistics and Supply Chain Analytics,MSc,1 year,https://www.southampton.ac.uk/courses/logistics-supply-chain-analytics-masters-msc
Low Intensity Cognitive Behavioural Therapy with IAPT PWP Status,PGCert,1 year,https://www.southampton.ac.uk/courses/low-intensity-cognitive-behavioural-therapy-with-iapt-pwp-status-pgcert
Luxury Brand Management,MA,1 year,https://www.southampton.ac.uk/courses/luxury-brand-management-masters-ma
Marine Environment and Resources,MSc,2 years,https://www.southampton.ac.uk/courses/marine-environment-resources-masters-msc
Maritime Archaeology,MSc,1 year,https://www.southampton.ac.uk/courses/maritime-archaeology-masters-msc
Maritime Engineering Science: Advanced Computational Engineering,MSc,1 year,https://www.southampton.ac.uk/courses/maritime-engineering-science-advanced-computational-engineering-masters-msc
Maritime Engineering Science: Marine Engineering and Autonomy,MSc,1 year,https://www.southampton.ac.uk/courses/maritime-engineering-science-marine-engineering-autonomy-masters-msc
Maritime Engineering Science: Naval Architecture,MSc,1 year,https://www.southampton.ac.uk/courses/maritime-engineering-science-naval-architecture-masters-msc
Maritime Engineering Science: Ocean Energy & Offshore Engineering,MSc,1 year,https://www.southampton.ac.uk/courses/maritime-engineering-science-ocean-energy-offshore-engineering-masters-msc
Maritime Engineering Science: Yacht and High-performance Craft,MSc,1 year,https://www.southampton.ac.uk/courses/maritime-engineering-science-yacht-high-performance-craft-masters-msc
Maritime Law,LLM,1 year,https://www.southampton.ac.uk/courses/maritime-law-masters-llm
Marketing Analytics,MSc,1 year,https://www.southampton.ac.uk/courses/marketing-analytics-masters-msc
Marketing Management,MSc,1 year,https://www.southampton.ac.uk/courses/marketing-management-masters-msc
Master of Business Administration,MBA,1 year,https://www.southampton.ac.uk/courses/master-of-business-administration-masters-mba
Mathematics,PGCE,1 year,https://www.southampton.ac.uk/courses/secondary-mathematics-pgce
Mechatronics (Advanced Mechanical Engineering Science),MSc,1 year,https://www.southampton.ac.uk/courses/mechatronics-advanced-mechanical-engineering-science-masters-msc
Micro and Nanotechnology,MSc,1 year,https://www.southampton.ac.uk/courses/micro-nanotechnology-masters-msc
Microelectronics Systems Design,MSc,1 year,https://www.southampton.ac.uk/courses/microelectronics-systems-design-masters-msc
Mobile Communications and Smart Networking,MSc,1 year,https://www.southampton.ac.uk/courses/mobile-communications-smart-networking-masters-msc
Modern Languages,PGCE,1 year,https://www.southampton.ac.uk/courses/modern-languages-pgce
Music (Composition),MMus,1 year,https://www.southampton.ac.uk/courses/music-composition-masters-mmus
Music (Education),MMus,1 year,https://www.southampton.ac.uk/courses/music-education-masters-mmus
Music (Musicology),MMus,1 year,https://www.southampton.ac.uk/courses/music-musicology-masters-mmus
Music (Performance),MMus,1 year,https://www.southampton.ac.uk/courses/music-performance-masters-mmus
Neonatology,MSc,2 to 3 years,https://www.southampton.ac.uk/courses/neonatology-masters-msc
Neuroscience,MSc,1 year,https://www.southampton.ac.uk/courses/neuroscience-masters-msc
Nursing Studies,MSc,2 years,https://www.southampton.ac.uk/courses/nursing-studies-masters-msc
Nursing: Adult,PGDip,2 years,https://www.southampton.ac.uk/courses/nursing-adult-pgdip
Nursing: Adult,MSc,2 years,https://www.southampton.ac.uk/courses/nursing-adult-masters-msc
Nursing: Child,MSc,2 years,https://www.southampton.ac.uk/courses/nursing-child-masters-msc
Nursing: Child,PGDip,2 years,https://www.southampton.ac.uk/courses/nursing-child-pgdip
Nursing: Mental Health,PGDip,2 years,https://www.southampton.ac.uk/courses/nursing-mental-health-pgdip
Nursing: Mental Health,MSc,2 years,https://www.southampton.ac.uk/courses/nursing-mental-health-masters-msc
Occupational Therapy Pre-registration,MSc,2 years,https://www.southampton.ac.uk/courses/occupational-therapy-pre-registration-masters-msc
Ocean and Earth Science by Research,MSc,1 year,https://www.southampton.ac.uk/courses/ocean-earth-science-by-research-masters-msc
Oceanography,MSc,1 year,https://www.southampton.ac.uk/courses/oceanography-masters-msc
Operational Research,MSc,1 year,https://www.southampton.ac.uk/courses/operational-research-masters-msc
Operational Research and Finance,MSc,1 year,https://www.southampton.ac.uk/courses/operational-research-finance-masters-msc
Optical Engineering,MSc,1 year,https://www.southampton.ac.uk/courses/optical-engineering-masters-msc
Philosophy,MA,1 year,https://www.southampton.ac.uk/courses/philosophy-masters-ma
Physical Education,PGCE,1 year,https://www.southampton.ac.uk/courses/physical-education-pgce
Physiotherapy Pre-Registration,MSc,2 years,https://www.southampton.ac.uk/courses/physiotherapy-pre-registration-masters-msc
Primary,PGCE,1 year,https://www.southampton.ac.uk/courses/primary-pgce
Professional Practice in Health Sciences,MSc,1 year,https://www.southampton.ac.uk/courses/professional-practice-in-health-sciences-masters-msc
Project Management,MSc,1 year,https://www.southampton.ac.uk/courses/project-management-masters-msc
Propulsion and Engine Systems Engineering (Advanced Mechanical Engineering Science),MSc,1 year,https://www.southampton.ac.uk/courses/propulsion-engine-systems-engineering-advanced-mechanical-engineering-science-masters-msc
Psychology,MSc,1 year,https://www.southampton.ac.uk/courses/psychology-masters-msc
Psychology: Cognitive Psychology,MSc,1 year,https://www.southampton.ac.uk/courses/cognitive-psychology-masters-msc
Psychology: Research Methods,MSc,1 year,https://www.southampton.ac.uk/courses/psychology-research-methods-masters-msc
Psychology: Social Psychology,MSc,1 year,https://www.southampton.ac.uk/courses/social-psychology-masters-msc
Public Administration,MPA,1 year,https://www.southampton.ac.uk/courses/public-administration-masters-mpa
Public Health,MSc,1 year,https://www.southampton.ac.uk/courses/public-health-masters-msc
Public Health Global Health,MSc,1 year,https://www.southampton.ac.uk/courses/public-health-global-health-masters-msc
Public Health Intelligence,MSc,1 year,https://www.southampton.ac.uk/courses/public-health-intelligence-masters-msc
Public Health Management,MSc,1 year,https://www.southampton.ac.uk/courses/public-health-management-masters-msc
Race Car Aerodynamics,MSc,1 year,https://www.southampton.ac.uk/courses/race-car-aerodynamics-masters-msc
Risk Management,MSc,1 year,https://www.southampton.ac.uk/courses/risk-management-masters-msc
Risk and Finance,MSc,1 year,https://www.southampton.ac.uk/courses/risk-finance-masters-msc
Sciences,PGCE,1 year,https://www.southampton.ac.uk/courses/sciences-pgce
Secondary,PGCE,1 year,https://www.southampton.ac.uk/courses/secondary-pgce
Social Research Methods,MSc,1 year,https://www.southampton.ac.uk/courses/social-research-methods-masters-msc
Social Research Methods with Applied Statistics,MSc,1 year,https://www.southampton.ac.uk/courses/social-research-methods-with-applied-statistics-masters-msc
Sociology and Social Policy,MSc,1 year,https://www.southampton.ac.uk/courses/sociology-social-policy-masters-msc
Software Engineering,MSc,1 year,https://www.southampton.ac.uk/courses/software-engineering-masters-msc
Space Systems Engineering,MSc,1 year,https://www.southampton.ac.uk/courses/space-systems-engineering-masters-msc
Statistics,MSc,1 year,https://www.southampton.ac.uk/courses/statistics-masters-msc
Statistics with Applications in Medicine,MSc,1 year,https://www.southampton.ac.uk/courses/statistics-with-applications-in-medicine-masters-msc
Strategic Operations and Supply Chain Management,MSc,1 year,https://www.southampton.ac.uk/courses/strategic-operations-supply-chain-management-masters-msc
Sustainability,MSc,1 year,https://www.southampton.ac.uk/courses/sustainability-masters-msc
Sustainable Energy Technologies,MSc,1 year,https://www.southampton.ac.uk/courses/sustainable-energy-technologies-masters-msc
"Systems, Control and Signal Processing",MSc,1 year,https://www.southampton.ac.uk/courses/systems-control-signal-processing-masters-msc
Textile Design,MA,1 year,https://www.southampton.ac.uk/courses/textile-design-masters-ma
Translation and Professional Communication Skills,MA,1 year,https://www.southampton.ac.uk/courses/translation-professional-communication-skills-masters-ma
Transportation Planning and Engineering: Behaviour,MSc,1 year,https://www.southampton.ac.uk/courses/transportation-planning-engineering-behaviour-masters-msc
Transportation Planning and Engineering: Infrastructure,MSc,1 year,https://www.southampton.ac.uk/courses/transportation-planning-engineering-infrastructure-masters-msc
Transportation Planning and Engineering: Operations,MSc,1 year,https://www.southampton.ac.uk/courses/transportation-planning-engineering-operations-masters-msc
Water Resources Management,MSc,1 year,https://www.southampton.ac.uk/courses/water-resources-management-masters-msc
Wildlife Conservation,MRes,1 year,https://www.southampton.ac.uk/courses/wildlife-conservation-masters-mres
