Course_Title,Degree_Type,Attendance_Mode,Start_Date,Course_Link
Accounting MSc,MSc,"Full-time - MSc, Part-time - MSc","Feb 2024, Oct 2024, Feb 2025",https://www1.chester.ac.uk/study/postgraduate/accounting
Accounting and Finance BSc (Hons),BSc (Hons),"Full-time - BSc (Hons), Full-time with Foundation Year - BSc (Hons), Full-time with Placement Year - BSc (Hons), Part-time - BSc (Hons)","Sep 2023, Sep 2024",https://www1.chester.ac.uk/study/undergraduate/accounting-and-finance
Acting BA (Hons),BA (Hons),"Full-time - BA (Hons), Full-time with Foundation Year - BA (Hons)",Sep 2024,https://www1.chester.ac.uk/study/undergraduate/acting
"Adult Nursing (Birkenhead) BN (Hons), BN",BN,"Full-time - BN (Hons), Full-time with Foundation Year - BN (Hons), Part-time - BN","Sep 2023, Sep 2024",https://www1.chester.ac.uk/study/undergraduate/adult-nursing-birkenhead
Adult Nursing (Chester) BN (Hons),BN (Hons),"Full-time - BN (Hons), Full-time with Foundation Year - BN (Hons)","Sep 2023, Sep 2024",https://www1.chester.ac.uk/study/undergraduate/adult-nursing-chester
Adult Nursing (Shrewsbury) BN (Hons),BN (Hons),Full-time - BN (Hons),"Sep 2023, Sep 2024",https://www1.chester.ac.uk/study/undergraduate/adult-nursing-shrewsbury
Adult Nursing (Warrington) BN (Hons),BN (Hons),"Full-time - BN (Hons), Full-time with Foundation Year - BN (Hons)","Sep 2023, Sep 2024",https://www1.chester.ac.uk/study/undergraduate/adult-nursing-warrington
Advanced Clinical Practice MSc,MSc,Part-time - MSc,"Mar 2024, Sep 2024, Mar 2025",https://www1.chester.ac.uk/study/postgraduate/advanced-clinical-practice
Advanced Computer Science MSc,MSc,"Full-time - MSc, Part-time - MSc","Feb 2024, Oct 2024, Feb 2025",https://www1.chester.ac.uk/study/postgraduate/advanced-computer-science
Animal Behaviour (Combined) BSc (Hons),BSc (Hons),"Full-time - BSc (Hons), Part-time - BSc (Hons)","Sep 2023, Sep 2024",https://www1.chester.ac.uk/study/undergraduate/animal-behaviour-combined
Animal Behaviour MSc,MSc,"Full-time - MSc, Part-time - MSc",Oct 2024,https://www1.chester.ac.uk/study/postgraduate/animal-behaviour
Animal Behaviour BSc (Hons),BSc (Hons),"Full-time - BSc (Hons), Full-time with Foundation Year - BSc (Hons), Part-time - BSc (Hons)","Sep 2023, Sep 2024",https://www1.chester.ac.uk/study/undergraduate/animal-behaviour
Animal Behaviour and Biology,BSc (Hons),"Full-time - BSc (Hons), Part-time - BSc (Hons)","Sep 2023, Sep 2024",https://www1.chester.ac.uk/study/undergraduate/animal-behaviour-and-biology
Animal Behaviour and Psychology,BSc (Hons),"Full-time - BSc (Hons), Part-time - BSc (Hons)","Sep 2023, Sep 2024",https://www1.chester.ac.uk/study/undergraduate/animal-behaviour-and-psychology
Animal Behaviour and Welfare BSc (Hons),BSc (Hons),"Full-time - BSc (Hons), Full-time with Foundation Year - BSc (Hons), Part-time - BSc (Hons)","Sep 2023, Sep 2024",https://www1.chester.ac.uk/study/undergraduate/animal-behaviour-and-welfare
Animal Welfare MSc,MSc,"Full-time - MSc, Part-time - MSc",Oct 2024,https://www1.chester.ac.uk/study/postgraduate/animal-welfare
Applied Mental Health Practice PGCert,PGCert,Part-time - PGCert,"Jan 2024, Jan 2025",https://www1.chester.ac.uk/study/postgraduate/applied-mental-health-practice
Applied Psychology MSc,MSc,"Full-time - MSc, Part-time - MSc",Oct 2024,https://www1.chester.ac.uk/study/postgraduate/applied-psychology
Applied Science MRes,MRes,"Full-time - MRes, Part-time - MRes",Oct 2024,https://www1.chester.ac.uk/study/postgraduate/applied-science
Archaeology (Combined) BA (Hons),BA (Hons),"Full-time - BA (Hons), Part-time - BA (Hons)","Sep 2023, Sep 2024",https://www1.chester.ac.uk/study/undergraduate/archaeology-combined
Archaeology BA (Hons),BA (Hons),"Full-time - BA (Hons), Part-time - BA (Hons), Full-time with Foundation Year - BA (Hons)","Sep 2023, Sep 2024",https://www1.chester.ac.uk/study/undergraduate/archaeology
Archaeology (MRes) MRes,MRes,"Full-time - MRes, Part-time - MRes",Oct 2024,https://www1.chester.ac.uk/study/postgraduate/archaeology-mres
Archaeology and Heritage Practice MA,MA,"Full-time - MA, Part-time - MA",Oct 2024,https://www1.chester.ac.uk/study/postgraduate/archaeology-and-heritage-practice
Archaeology and History,BA (Hons),"Full-time - BA (Hons), Part-time - BA (Hons)","Sep 2023, Sep 2024",https://www1.chester.ac.uk/study/undergraduate/archaeology-and-history
Archaeology of Death and Memory MA,MA,"Full-time - MA, Part-time - MA",Oct 2024,https://www1.chester.ac.uk/study/postgraduate/archaeology-death-and-memory
Art Therapy MA,MA,"Full-time - MA, Part-time - MA",Oct 2024,https://www1.chester.ac.uk/study/postgraduate/art-therapy
Arts and Media (MRes) MRes,MRes,"Full-time - MRes, Part-time - MRes",Oct 2024,https://www1.chester.ac.uk/study/postgraduate/arts-and-media-mres
Assistant Practitioner (Direct Entry) FdSc,FdSc,Full-time - FdSc,"Sep 2023, Sep 2024",https://www1.chester.ac.uk/study/undergraduate/assistant-practitioner-direct-entry
Assistant Practitioner Higher Apprenticeship: Health and Social Care FdSc,FdSc,"Full-time - FdSc, Part-time - FdSc",Mar 2025,https://www1.chester.ac.uk/study/undergraduate/assistant-practitioner-higher-apprenticeship-health-and-social-care
"Attachment, Trauma and Mental Health (Children, Young People and Adults) PGCert",PGCert,Part-time - PGCert,"Jan 2024, May 2024, Oct 2024, Jan 2025, May 2025",https://www1.chester.ac.uk/study/postgraduate/attachment-trauma-and-mental-health-children-young-people-and-adults
"Autism Spectrum Condition MA, PGDip, PGCert",PGCert,"Part-time - MA, Part-time - PGDip, Part-time - PGCert",Oct 2024,https://www1.chester.ac.uk/study/postgraduate/autism-spectrum-condition
Banking and Finance MSc,MSc,"Full-time - MSc, Part-time - MSc","Feb 2024, May 2024, Oct 2024, Feb 2025, May 2025",https://www1.chester.ac.uk/study/postgraduate/banking-and-finance
Banking and Finance BSc (Hons),BSc (Hons),"Full-time - BSc (Hons), Part-time - BSc (Hons), Full-time with Foundation Year - BSc (Hons), Full-time with Placement Year - BSc (Hons)","Sep 2023, Sep 2024",https://www1.chester.ac.uk/study/undergraduate/banking-and-finance
Biochemistry (Chester) BSc (Hons),BSc (Hons),"Full-time - BSc (Hons), Full-time with Foundation Year - BSc (Hons), Part-time - BSc (Hons)","Sep 2023, Sep 2024",https://www1.chester.ac.uk/study/undergraduate/biochemistry-chester
Biological Sciences (MRes) MRes,MRes,"Full-time - MRes, Part-time - MRes",Oct 2024,https://www1.chester.ac.uk/study/postgraduate/biological-sciences-mres
Biology (Combined) BSc (Hons),BSc (Hons),"Full-time - BSc (Hons), Part-time - BSc (Hons)","Sep 2023, Sep 2024",https://www1.chester.ac.uk/study/undergraduate/biology-combined
Biology BSc (Hons),BSc (Hons),"Full-time - BSc (Hons), Full-time with Foundation Year - BSc (Hons), Part-time - BSc (Hons)","Sep 2023, Sep 2024",https://www1.chester.ac.uk/study/undergraduate/biology
Biology and Psychology,BSc (Hons),"Full-time - BSc (Hons), Part-time - BSc (Hons)","Sep 2023, Sep 2024",https://www1.chester.ac.uk/study/undergraduate/biology-and-psychology
Biology and Sport and Exercise Sciences,BSc (Hons),"Full-time - BSc (Hons), Part-time - BSc (Hons)","Sep 2023, Sep 2024",https://www1.chester.ac.uk/study/undergraduate/biology-and-sport-and-exercise-sciences
Biomedical Science BSc (Hons),BSc (Hons),"Full-time - BSc (Hons), Full-time with Foundation Year - BSc (Hons), Part-time - BSc (Hons)","Sep 2023, Sep 2024",https://www1.chester.ac.uk/study/undergraduate/biomedical-science
Biomedical Science MSc,MSc,"Full-time - MSc, Part-time - MSc","Feb 2024, Oct 2024, Feb 2025",https://www1.chester.ac.uk/study/postgraduate/biomedical-science
Biotechnology MSc,MSc,"Full-time - MSc, Part-time - MSc","Jan 2024, Oct 2024",https://www1.chester.ac.uk/study/postgraduate/biotechnology
Bioveterinary Science BSc (Hons),BSc (Hons),"Full-time - BSc (Hons), Full-time with Foundation Year - BSc (Hons), Part-time - BSc (Hons)","Sep 2023, Sep 2024",https://www1.chester.ac.uk/study/undergraduate/bioveterinary-science
Business Finance BA (Hons),BA (Hons),"Full-time - BA (Hons), Full-time with Foundation Year - BA (Hons), Full-time with Placement Year - BA (Hons), Part-time - BA (Hons)","Sep 2023, Sep 2024",https://www1.chester.ac.uk/study/undergraduate/business-finance
Business Management (Combined) BA (Hons),BA (Hons),"Full-time - BA (Hons), Full-time with Placement Year - BA (Hons), Part-time - BA (Hons)","Sep 2023, Sep 2024",https://www1.chester.ac.uk/study/undergraduate/business-management-combined
Business Management BA Hons,BA Hons,"Full-time - BA Hons, Full-time with Foundation Year - BA Hons, Full-time with Placement Year - BA Hons, Part-time - BA Hons","Sep 2023, Sep 2024",https://www1.chester.ac.uk/study/undergraduate/business-management
Business Management (Entrepreneurship) BA Hons,BA Hons,"Full-time - BA Hons, Full-time with Foundation Year - BA Hons, Full-time with Placement Year - BA Hons, Part-time - BA Hons","Sep 2023, Sep 2024",https://www1.chester.ac.uk/study/undergraduate/business-management-entrepreneurship
Business Management (Finance) BA Hons,BA Hons,"Full-time - BA Hons, Full-time with Foundation Year - BA Hons, Full-time with Placement Year - BA Hons, Part-time - BA Hons","Sep 2023, Sep 2024",https://www1.chester.ac.uk/study/undergraduate/business-management-finance
Business Management (Human Resource Management) BA Hons,BA Hons,"Full-time - BA Hons, Full-time with Foundation Year - BA Hons, Full-time with Placement Year - BA Hons, Part-time - BA Hons","Sep 2023, Sep 2024",https://www1.chester.ac.uk/study/undergraduate/business-management-human-resource-management
Business Management (Marketing) BA Hons,BA Hons,"Full-time - BA Hons, Full-time with Foundation Year - BA Hons, Full-time with Placement Year - BA Hons, Part-time - BA Hons","Sep 2023, Sep 2024",https://www1.chester.ac.uk/study/undergraduate/business-management-marketing
Business Management and Administration (Top-Up) BA (Level 6 only),BA (Level 6 only),Full-time - BA (Level 6 only),"Sep 2023, Sep 2024",https://www1.chester.ac.uk/study/undergraduate/business-management-and-administration-top
Business Management and Events Management BA (Hons),"BA (Hons)
BA (Hons)","Full-time - BA (Hons), Part-time - BA (Hons), BA (Hons)","Sep 2023, Sep 2024",https://www1.chester.ac.uk/study/undergraduate/business-management-and-events-management
Business Management and International Tourism Management BA (Hons),"BA (Hons)
BA (Hons)","Full-time - BA (Hons), Part-time - BA (Hons), BA (Hons)","Sep 2023, Sep 2024",https://www1.chester.ac.uk/study/undergraduate/business-management-and-international-tourism-management
Business Management and Marketing Management BA (Hons),"BA (Hons)
BA (Hons)","Full-time - BA (Hons), Part-time - BA (Hons), BA (Hons)","Sep 2023, Sep 2024",https://www1.chester.ac.uk/study/undergraduate/business-management-and-marketing-management
Cambridge CELTA: Certificate in Teaching English to Speakers of Other Languages,NA,Part-time,Jan 2024,https://www1.chester.ac.uk/study/short/cambridge-celta-certificate-teaching-english-speakers-other-languages
Cardiovascular Disease MSc,MSc,"Full-time - MSc, Part-time - MSc","Feb 2024, Oct 2024, Feb 2025",https://www1.chester.ac.uk/study/postgraduate/cardiovascular-disease
"Cardiovascular Health and Rehabilitation MSc, PGDip, PGCert",PGCert,"Full-time - MSc, Part-time - MSc, Full-time - PGDip, Part-time - PGDip, Part-time - PGCert",Oct 2024,https://www1.chester.ac.uk/study/postgraduate/cardiovascular-health-and-rehabilitation
"Chemical Engineering BEng, MEng",MEng,"Full-time - BEng, Part-time - BEng, Full-time - MEng, Full-time with Foundation Year - BEng, Part-time - MEng","Sep 2023, Sep 2024",https://www1.chester.ac.uk/study/undergraduate/chemical-engineering
Chemistry BSc (Hons),BSc (Hons),"Full-time - BSc (Hons), Full-time with Foundation Year - BSc (Hons), Full-time with Placement Year - BSc (Hons), Part-time - BSc (Hons)","Sep 2023, Sep 2024",https://www1.chester.ac.uk/study/undergraduate/chemistry
Childhood Studies with Applied Psychology BA (Hons),BA (Hons),Full-time - BA (Hons),"Sep 2023, Sep 2024",https://www1.chester.ac.uk/study/undergraduate/childhood-studies-applied-psychology
Children's Nursing BN (Hons),BN (Hons),"Full-time - BN (Hons), Full-time with Foundation Year - BN (Hons)","Sep 2023, Sep 2024",https://www1.chester.ac.uk/study/undergraduate/childrens-nursing
Chinese (Combined) BA (Hons),BA (Hons),"Full-time - BA (Hons), Part-time - BA (Hons)","Sep 2023, Sep 2024",https://www1.chester.ac.uk/study/undergraduate/chinese-combined
Chinese and English Language,BA (Hons),"Full-time - BA (Hons), Part-time - BA (Hons)","Sep 2023, Sep 2024",https://www1.chester.ac.uk/study/undergraduate/chinese-and-english-language
Chinese and International Relations,BA (Hons),"Full-time - BA (Hons), Part-time - BA (Hons)","Sep 2023, Sep 2024",https://www1.chester.ac.uk/study/undergraduate/chinese-and-international-relations
Chinese and Spanish,BA (Hons),"Full-time - BA (Hons), Part-time - BA (Hons)","Sep 2023, Sep 2024",https://www1.chester.ac.uk/study/undergraduate/chinese-and-spanish
Clinical Counselling MA,MA,Part-time - MA,Oct 2024,https://www1.chester.ac.uk/study/postgraduate/clinical-counselling
Clinical Sciences and Nutrition MRes,MRes,"Full-time - MRes, Part-time - MRes",Oct 2024,https://www1.chester.ac.uk/study/postgraduate/clinical-sciences-and-nutrition
Coaching and Mentoring PGCert: Level 7,PGCert: Level 7,Part-time - PGCert: Level 7,"Jan 2024, Oct 2024, Jan 2025",https://www1.chester.ac.uk/study/postgraduate/coaching-and-mentoring
"Cognitive & Behavioural Therapies: High Intensity Training MSc, PGDip",PGDip,"Full-time - MSc, Part-time - MSc, Full-time - PGDip, Part-time - PGDip",Nov 2023,https://www1.chester.ac.uk/study/postgraduate/cognitive-behavioural-therapies-high-intensity-training
Community Policing and Criminal Investigation BSc (Hons),BSc (Hons),"Full-time - BSc (Hons), Full-time with Foundation Year - BSc (Hons)","Sep 2023, Sep 2024",https://www1.chester.ac.uk/study/undergraduate/community-policing-and-criminal-investigation
Computer Science BSc (Hons),BSc (Hons),"Full-time - BSc (Hons), Full-time with Foundation Year - BSc (Hons), Part-time - BSc (Hons)","Sep 2023, Sep 2024",https://www1.chester.ac.uk/study/undergraduate/computer-science
Computer Science (Conversion) MSc,MSc,"Full-time - MSc, Part-time - MSc",Oct 2024,https://www1.chester.ac.uk/study/postgraduate/computer-science-conversion
Conservation and Sustainability Education PGCert,PGCert,Part-time - PGCert,Sep 2024,https://www1.chester.ac.uk/study/postgraduate/conservation-and-sustainability-education
Counselling Skills (Combined) BA (Hons),BA (Hons),"Full-time - BA (Hons), Part-time - BA (Hons)","Sep 2023, Sep 2024",https://www1.chester.ac.uk/study/undergraduate/counselling-skills-combined
Counselling Skills and Criminology,BA (Hons),"Full-time - BA (Hons), Part-time - BA (Hons)","Sep 2023, Sep 2024",https://www1.chester.ac.uk/study/undergraduate/counselling-skills-and-criminology
Counselling Skills and Psychology,BA (Hons),"Full-time - BA (Hons), Part-time - BA (Hons)","Sep 2023, Sep 2024",https://www1.chester.ac.uk/study/undergraduate/counselling-skills-and-psychology
Counselling Skills and Sociology,BA (Hons),"Full-time - BA (Hons), Part-time - BA (Hons)","Sep 2023, Sep 2024",https://www1.chester.ac.uk/study/undergraduate/counselling-skills-and-sociology
Creative Writing (Combined) BA (Hons),BA (Hons),"Full-time - BA (Hons), Part-time - BA (Hons)","Sep 2023, Sep 2024",https://www1.chester.ac.uk/study/undergraduate/creative-writing-combined
Creative Writing and Drama BA (Hons),BA (Hons),Full-time - BA (Hons),Sep 2024,https://www1.chester.ac.uk/study/undergraduate/creative-writing-and-drama
Creative Writing and English Literature,BA (Hons),"Full-time - BA (Hons), Part-time - BA (Hons)","Sep 2023, Sep 2024",https://www1.chester.ac.uk/study/undergraduate/creative-writing-and-english-literature
Creative Writing and History,BA (Hons),"Full-time - BA (Hons), Part-time - BA (Hons)","Sep 2023, Sep 2024",https://www1.chester.ac.uk/study/undergraduate/creative-writing-and-history
Creative Writing and Journalism,BA (Hons),"Full-time - BA (Hons), Part-time - BA (Hons)","Sep 2023, Sep 2024",https://www1.chester.ac.uk/study/undergraduate/creative-writing-and-journalism
Creative Writing: Writing and Publishing Fiction MA,MA,Full-time - MA,Oct 2024,https://www1.chester.ac.uk/study/postgraduate/creative-writing-writing-and-publishing-fiction
Criminology BSc (Hons),BSc (Hons),"Full-time - BSc (Hons), Full-time with Foundation Year - BSc (Hons), Part-time - BSc (Hons)","Sep 2023, Sep 2024",https://www1.chester.ac.uk/study/undergraduate/criminology
Criminology (Combined) BSc (Hons),BSc (Hons),"Full-time - BSc (Hons), Part-time - BSc (Hons)","Sep 2023, Sep 2024",https://www1.chester.ac.uk/study/undergraduate/criminology-combined
Criminology and Forensic Biology,BSc (Hons),"Full-time - BSc (Hons), Part-time - BSc (Hons)","Sep 2023, Sep 2024",https://www1.chester.ac.uk/study/undergraduate/criminology-and-forensic-biology
Criminology and Psychology,BSc (Hons),"Full-time - BSc (Hons), Part-time - BSc (Hons)","Sep 2023, Sep 2024",https://www1.chester.ac.uk/study/undergraduate/criminology-and-psychology
Criminology and Sociology,BSc (Hons),"Full-time - BSc (Hons), Part-time - BSc (Hons)","Sep 2023, Sep 2024",https://www1.chester.ac.uk/study/undergraduate/criminology-and-sociology
Cybersecurity BSc (Hons),BSc (Hons),"Full-time - BSc (Hons), Full-time with Foundation Year - BSc (Hons), Part-time - BSc (Hons)","Sep 2023, Sep 2024",https://www1.chester.ac.uk/study/undergraduate/cybersecurity
Cybersecurity MSc,MSc,"Full-time - MSc, Part-time - MSc","Feb 2024, Oct 2024, Feb 2025",https://www1.chester.ac.uk/study/postgraduate/cybersecurity-conversion
"Dance MA / PGDip , MA / PGDip / PGCert",MA / PGDip / PGCert,"Full-time - MA / PGDip, Part-time - MA / PGDip / PGCert",Oct 2024,https://www1.chester.ac.uk/study/postgraduate/dance
Data Science MSc,MSc,"Full-time - MSc, Part-time - MSc",Oct 2024,https://www1.chester.ac.uk/study/postgraduate/data-science
Degree in Professional Policing BSc (Hons),BSc (Hons),"Full-time - BSc (Hons), Full-time with Foundation Year - BSc (Hons)","Sep 2023, Sep 2024",https://www1.chester.ac.uk/study/undergraduate/degree-professional-policing
Design MA,MA,"Full-time - MA, Part-time - MA",Oct 2024,https://www1.chester.ac.uk/study/postgraduate/design
Diabetes MSc,MSc,"Full-time - MSc, Part-time - MSc","Feb 2024, Oct 2024, Feb 2025",https://www1.chester.ac.uk/study/postgraduate/diabetes
Digital Marketing BA (Hons),BA (Hons),"Full-time - BA (Hons), Full-time with Foundation Year - BA (Hons), Full-time with Placement Year - BA (Hons), Part-time - BA (Hons)","Sep 2023, Sep 2024",https://www1.chester.ac.uk/study/undergraduate/digital-marketing
"Digital Marketing MSc, PGDip, PGCert",PGCert,"Full-time - MSc, Part-time - MSc, Full-time - PGDip, Part-time - PGDip, Part-time - PGCert","Feb 2024, May 2024, Oct 2024, Feb 2025, May 2025",https://www1.chester.ac.uk/study/postgraduate/digital-marketing
Doctor of Business Administration DBA,DBA,Part-time - DBA,Oct 2024,https://www1.chester.ac.uk/study/postgraduate/doctor-business-administration
Doctor of Education (EdD) EdD,EdD,Part-time - EdD,Oct 2024,https://www1.chester.ac.uk/study/postgraduate/doctor-education-edd
Doctor of Professional Studies (DProf) in Health and Social Care DProf,DProf,Part-time - DProf,Oct 2024,https://www1.chester.ac.uk/study/postgraduate/doctor-professional-studies-dprof-health-and-social-care
Doctor of Professional Studies (DProf) in Theology and Religious Studies DProf,DProf,"Full-time - DProf, Part-time - DProf",Oct 2024,https://www1.chester.ac.uk/study/postgraduate/doctor-professional-studies-dprof-theology-and-religious-studies
Doctor of Professional Studies in Counselling and Psychotherapy Studies DProf,DProf,Part-time - DProf,Oct 2024,https://www1.chester.ac.uk/study/postgraduate/doctor-professional-studies-counselling-and-psychotherapy-studies
Doctor of Professional Studies in Negotiated Management Specialism DProf,DProf,Part-time - DProf,Oct 2024,https://www1.chester.ac.uk/study/postgraduate/doctor-professional-studies-negotiated-management-specialism
Doctor of Professional Studies in Psychological Trauma DProf,DProf,Part-time - DProf,Oct 2024,https://www1.chester.ac.uk/study/postgraduate/doctor-professional-studies-psychological-trauma
Drama BA (Hons),BA (Hons),"Full-time - BA (Hons), Full-time with Foundation Year - BA (Hons)",Sep 2024,https://www1.chester.ac.uk/study/undergraduate/drama
Drama (Combined) BA (Hons),BA (Hons),Full-time - BA (Hons),Sep 2024,https://www1.chester.ac.uk/study/undergraduate/drama-combined
Drama MA,MA,"Full-time - MA, Part-time - MA",Oct 2024,https://www1.chester.ac.uk/study/postgraduate/drama
Drama and English Literature BA (Hons),BA (Hons),Full-time - BA (Hons),Sep 2024,https://www1.chester.ac.uk/study/undergraduate/drama-and-english-literature
Drama and Psychology BA (Hons),BA (Hons),Full-time - BA (Hons),Sep 2024,https://www1.chester.ac.uk/study/undergraduate/drama-and-psychology
"Dyscalculia Research and Practice MA, PGDip",PGDip,"Part-time - MA, Part-time - PGDip",Oct 2024,https://www1.chester.ac.uk/study/postgraduate/dyscalculia-research-and-practice
"Dyslexia Research and Practice MA, PGDip, PGCert",PGCert,"Part-time - MA, Part-time - PGDip, Part-time - PGCert",Oct 2024,https://www1.chester.ac.uk/study/postgraduate/dyslexia-research-and-practice
Early Childhood and Primary Education BA (Hons),BA (Hons),"Full-time - BA (Hons), Full-time with Foundation Year - BA (Hons)","Sep 2023, Sep 2024",https://www1.chester.ac.uk/study/undergraduate/early-childhood-and-primary-education
Early Years - Primary Education (3-7) with QTS - Teacher Education BA (Hons),BA (Hons),Full-time - BA (Hons),Sep 2024,https://www1.chester.ac.uk/study/undergraduate/early-years-primary-education-3-7-qts-teacher-education
Economics BSc (Hons),BSc (Hons),"Full-time - BSc (Hons), Full-time with Foundation Year - BSc (Hons), Part-time - BSc (Hons)","Sep 2023, Sep 2024",https://www1.chester.ac.uk/study/undergraduate/economics
Economics (Combined) BSc (Hons),BSc (Hons),"Full-time - BSc (Hons), Part-time - BSc (Hons)","Sep 2023, Sep 2024",https://www1.chester.ac.uk/study/undergraduate/economics-combined
Economics and Geography,NA,Full-time,"Sep 2023, Sep 2024",https://www1.chester.ac.uk/study/undergraduate/economics-and-geography
Economics and International Relations,NA,Full-time,"Sep 2023, Sep 2024",https://www1.chester.ac.uk/study/undergraduate/economics-and-international-relations
Economics and Politics,NA,Full-time,"Sep 2023, Sep 2024",https://www1.chester.ac.uk/study/undergraduate/economics-and-politics
Economics and Sociology,BSc (Hons),"Full-time - BSc (Hons), Part-time - BSc (Hons)","Sep 2023, Sep 2024",https://www1.chester.ac.uk/study/undergraduate/economics-and-sociology
Economics and Spanish,NA,Full-time,"Sep 2023, Sep 2024",https://www1.chester.ac.uk/study/undergraduate/economics-and-spanish
Education BA (Hons),BA (Hons),"Full-time - BA (Hons), Full-time with Foundation Year - BA (Hons)",Sep 2024,https://www1.chester.ac.uk/study/undergraduate/education
"Education MA, PGDip, PGCert",PGCert,"Part-time - MA, Part-time - PGDip, Part-time - PGCert","Jan 2024, Sep 2024, Jan 2025",https://www1.chester.ac.uk/study/postgraduate/education
"Education (Creative Practices) MA, PGDip",PGDip,"Part-time - MA, Part-time - PGDip","Jan 2024, Sep 2024, Jan 2025",https://www1.chester.ac.uk/study/postgraduate/education-creative-practices
"Education (Early Childhood) MA, PGDip",PGDip,"Part-time - MA, Part-time - PGDip","Jan 2024, Sep 2024, Jan 2025",https://www1.chester.ac.uk/study/postgraduate/education-early-childhood
"Education (Mathematics Education) MA, PGDip",PGDip,"Part-time - MA, Part-time - PGDip","Jan 2024, Sep 2024, Jan 2025",https://www1.chester.ac.uk/study/postgraduate/education-mathematics-education
"Education (Teaching & Learning) MA, PGDip",PGDip,"Part-time - MA, Part-time - PGDip","Jan 2024, Sep 2024, Jan 2025",https://www1.chester.ac.uk/study/postgraduate/education-teaching-learning
"Education, Society and Globalisation MA",MA,Full-time - MA,Oct 2024,https://www1.chester.ac.uk/study/postgraduate/education-society-and-globalisation
"Educational Leadership MA, PGDip, PGCert",PGCert,"Full-time - MA, Part-time - MA, Full-time - PGDip, Part-time - PGDip, Part-time - PGCert","Jan 2024, Oct 2024, Jan 2025",https://www1.chester.ac.uk/study/postgraduate/educational-leadership
Electronic and Electrical Engineering MSc,MSc,"Full-time - MSc, Part-time - MSc","Feb 2024, Oct 2024, Feb 2025",https://www1.chester.ac.uk/study/postgraduate/electronic-and-electrical-engineering
Endodontology MSc,MSc,Part-time - MSc,Oct 2024,https://www1.chester.ac.uk/study/postgraduate/endodontology
Engineering Management MSc,MSc,"Full-time - MSc, Part-time - MSc","Feb 2024, May 2024, Oct 2024, Feb 2025, May 2025",https://www1.chester.ac.uk/study/postgraduate/engineering-management
English (MRes) MRes,MRes,"Full-time - MRes, Part-time - MRes",Oct 2024,https://www1.chester.ac.uk/study/postgraduate/english-mres
English Language BA (Hons),BA (Hons),"Full-time - BA (Hons), Full-time with Foundation Year - BA (Hons), Part-time - BA (Hons)","Sep 2023, Sep 2024",https://www1.chester.ac.uk/study/undergraduate/english-language
English Language (Combined) BA (Hons),BA (Hons),"Full-time - BA (Hons), Part-time - BA (Hons)","Sep 2023, Sep 2024",https://www1.chester.ac.uk/study/undergraduate/english-language-combined
English Language and Creative Writing,BA (Hons),"Full-time - BA (Hons), Part-time - BA (Hons)","Sep 2023, Sep 2024",https://www1.chester.ac.uk/study/undergraduate/english-language-and-creative-writing
English Language and History,BA (Hons),"Full-time - BA (Hons), Part-time - BA (Hons)","Sep 2023, Sep 2024",https://www1.chester.ac.uk/study/undergraduate/english-language-and-history
English Language and Journalism,BA (Hons),"Full-time - BA (Hons), Part-time - BA (Hons)","Sep 2023, Sep 2024",https://www1.chester.ac.uk/study/undergraduate/english-language-and-journalism
English Language and Linguistics MA,MA,"Full-time - MA, Part-time - MA",Oct 2024,https://www1.chester.ac.uk/study/postgraduate/english-language-and-linguistics
English Language and Literature BA (Hons),BA (Hons),"Full-time - BA (Hons), Part-time - BA (Hons)","Sep 2023, Sep 2024",https://www1.chester.ac.uk/study/undergraduate/english-language-and-literature
English Language and Sociology,BA (Hons),"Full-time - BA (Hons), Part-time - BA (Hons)","Sep 2023, Sep 2024",https://www1.chester.ac.uk/study/undergraduate/english-language-and-sociology
English Literature BA (Hons),BA (Hons),"Full-time - BA (Hons), Full-time with Foundation Year - BA (Hons), Part-time - BA (Hons)","Sep 2023, Sep 2024",https://www1.chester.ac.uk/study/undergraduate/english-literature
English Literature (Combined) BA (Hons),BA (Hons),"Full-time - BA (Hons), Part-time - BA (Hons)","Sep 2023, Sep 2024",https://www1.chester.ac.uk/study/undergraduate/english-literature-combined
English Literature and French,BA (Hons),"Full-time - BA (Hons), Part-time - BA (Hons)","Sep 2023, Sep 2024",https://www1.chester.ac.uk/study/undergraduate/english-literature-and-french
English Literature and History,BA (Hons),"Full-time - BA (Hons), Part-time - BA (Hons)","Sep 2023, Sep 2024",https://www1.chester.ac.uk/study/undergraduate/english-literature-and-history
English Literature and Psychology,BA (Hons),"Full-time - BA (Hons), Part-time - BA (Hons)","Sep 2023, Sep 2024",https://www1.chester.ac.uk/study/undergraduate/english-literature-and-psychology
English Literature and Sociology,BA (Hons),"Full-time - BA (Hons), Part-time - BA (Hons)","Sep 2023, Sep 2024",https://www1.chester.ac.uk/study/undergraduate/english-literature-and-sociology
Events Management BA (Hons),BA (Hons),"Full-time - BA (Hons), Full-time with Foundation Year - BA (Hons), Full-time with Placement Year - BA (Hons), Part-time - BA (Hons)",Sep 2024,https://www1.chester.ac.uk/study/undergraduate/events-management
Events Management (Combined) BA (Hons),BA (Hons),"Full-time - BA (Hons), Full-time with Placement Year - BA (Hons), Part-time - BA (Hons)","Sep 2023, Sep 2024",https://www1.chester.ac.uk/study/undergraduate/events-management-combined
Events Management and International Tourism Management BA (Hons),"BA (Hons)
BA (Hons)","Full-time - BA (Hons), Part-time - BA (Hons), BA (Hons)","Sep 2023, Sep 2024",https://www1.chester.ac.uk/study/undergraduate/events-management-and-international-tourism-management
Events Management and Marketing Management,BA (Hons),"Full-time - BA (Hons), Part-time - BA (Hons)",Sep 2024,https://www1.chester.ac.uk/study/undergraduate/events-management-chester-and-marketing-management
Events Management and Marketing Management BA (Hons),"BA (Hons)
BA (Hons)","Full-time - BA (Hons), Part-time - BA (Hons), BA (Hons)","Sep 2023, Sep 2024",https://www1.chester.ac.uk/study/undergraduate/events-management-and-marketing-management
"Exercise and Nutrition Science MSc, PGDip, PGCert",PGCert,"Full-time - MSc, Part-time - MSc, Full-time - PGDip, Part-time - PGDip, Part-time - PGCert",Oct 2024,https://www1.chester.ac.uk/study/postgraduate/exercise-and-nutrition-science
"Exercise Medicine MSc, PGDip, PGCert",PGCert,"Full-time - MSc, Part-time - MSc, Full-time - PGDip, Part-time - PGDip, Part-time - PGCert","Feb 2024, Feb 2025",https://www1.chester.ac.uk/study/postgraduate/exercise-medicine
"Family and Child Psychology MSc, PGDip, PG Cert",PG Cert,"Full-time - MSc, Part-time - MSc, Full-time - PGDip, Part-time - PGDip, Part-time - PG Cert",Oct 2024,https://www1.chester.ac.uk/study/postgraduate/family-and-child-psychology
Fashion Communication Marketing (Social Media) BA (Hons),BA (Hons),Full-time - BA (Hons),Sep 2024,https://www1.chester.ac.uk/study/undergraduate/fashion-communication-marketing-social-media
Fashion Design BA (Hons),BA (Hons),"Full-time - BA (Hons), Full-time with Foundation Year - BA (Hons)",Sep 2024,https://www1.chester.ac.uk/study/undergraduate/fashion-design
Film and Media Studies BA (Hons),BA (Hons),"Full-time - BA (Hons), Part-time - BA (Hons), Full-time with Foundation Year - BA (Hons)",Sep 2024,https://www1.chester.ac.uk/study/undergraduate/film-and-media-studies
Fine Art BA (Hons),BA (Hons),"Full-time - BA (Hons), Full-time with Foundation Year - BA (Hons), Part-time - BA (Hons)",Sep 2024,https://www1.chester.ac.uk/study/undergraduate/fine-art
Fine Art (Combined) BA (Hons),BA (Hons),"Full-time - BA (Hons), Part-time - BA (Hons)",Sep 2024,https://www1.chester.ac.uk/study/undergraduate/fine-art-combined
Fine Art and Graphic Design,BA (Hons),"Full-time - BA (Hons), Part-time - BA (Hons)",Sep 2024,https://www1.chester.ac.uk/study/undergraduate/fine-art-and-graphic-design
Fine Art and Photography,BA (Hons),"Full-time - BA (Hons), Part-time - BA (Hons)",Sep 2024,https://www1.chester.ac.uk/study/undergraduate/fine-art-and-photography
Food Science and Innovation MSc,MSc,"Full-time - MSc, Part-time - MSc",Oct 2024,https://www1.chester.ac.uk/study/postgraduate/food-science-and-innovation
Forensic Biology (Combined) BSc (Hons),BSc (Hons),"Full-time - BSc (Hons), Part-time - BSc (Hons)","Sep 2023, Sep 2024",https://www1.chester.ac.uk/study/undergraduate/forensic-biology-combined
Forensic Biology BSc (Hons),BSc (Hons),"Full-time - BSc (Hons), Full-time with Foundation Year - BSc (Hons), Part-time - BSc (Hons)","Sep 2023, Sep 2024",https://www1.chester.ac.uk/study/undergraduate/forensic-biology
Forensic Biology and Archaeology,NA,Full-time,"Sep 2023, Sep 2024",https://www1.chester.ac.uk/study/undergraduate/forensic-biology-and-archaeology
Forensic Biology and Biology,BSc (Hons),"Full-time - BSc (Hons), Part-time - BSc (Hons)","Sep 2023, Sep 2024",https://www1.chester.ac.uk/study/undergraduate/forensic-biology-and-biology
Forensic Biology and Psychology,BSc (Hons),"Full-time - BSc (Hons), Part-time - BSc (Hons)","Sep 2023, Sep 2024",https://www1.chester.ac.uk/study/undergraduate/forensic-biology-and-psychology
Forensic Psychology BSc (Hons),BSc (Hons),"Full-time - BSc (Hons), Part-time - BSc (Hons), Full-time with Foundation Year - BSc (Hons)","Sep 2023, Sep 2024",https://www1.chester.ac.uk/study/undergraduate/forensic-psychology
French (Combined) BA (Hons),BA (Hons),"Full-time - BA (Hons), Part-time - BA (Hons)","Sep 2023, Sep 2024",https://www1.chester.ac.uk/study/undergraduate/french-combined
French and Spanish,BA (Hons),"Full-time - BA (Hons), Part-time - BA (Hons)","Sep 2023, Sep 2024",https://www1.chester.ac.uk/study/undergraduate/french-and-spanish
Games Development BSc (Hons),BSc (Hons),"Full-time - BSc (Hons), Full-time with Foundation Year - BSc (Hons), Part-time - BSc (Hons)","Sep 2023, Sep 2024",https://www1.chester.ac.uk/study/undergraduate/games-development
Gateway Certificate in Professional Education,NA,Part-time,Feb 2023,https://www1.chester.ac.uk/study/short/gateway-certificate-professional-education
Gender Studies (MRes) MRes,MRes,"Full-time - MRes, Part-time - MRes",Oct 2024,https://www1.chester.ac.uk/study/postgraduate/gender-studies-mres
Geography BA (Hons),BA (Hons),"Full-time - BA (Hons), Part-time - BA (Hons)","Sep 2023, Sep 2024",https://www1.chester.ac.uk/study/undergraduate/geography
Geography BSc (Hons),BSc (Hons),"Full-time - BSc (Hons), Full-time with Foundation Year - BSc (Hons), Part-time - BSc (Hons)","Sep 2023, Sep 2024",https://www1.chester.ac.uk/study/undergraduate/geography-6
Geography (Combined) BSc (Hons),BSc (Hons),"Full-time - BSc (Hons), Part-time - BSc (Hons)","Sep 2023, Sep 2024",https://www1.chester.ac.uk/study/undergraduate/geography-combined
Geography and International Relations,BA (Hons),"Full-time - BA (Hons), Part-time - BA (Hons)","Sep 2023, Sep 2024",https://www1.chester.ac.uk/study/undergraduate/geography-and-international-relations
Geography and Natural Hazard Management,BSc (Hons),"Full-time - BSc (Hons), Part-time - BSc (Hons)","Sep 2023, Sep 2024",https://www1.chester.ac.uk/study/undergraduate/geography-and-natural-hazard-management
Geography and Natural Hazard Management with a Year in Industry BSc (Hons),BSc (Hons),Full-time - BSc (Hons),Sep 2024,https://www1.chester.ac.uk/study/undergraduate/geography-and-natural-hazard-management-year-industry
Geography with a Year Abroad BA (Hons),BA (Hons),Full-time - BA (Hons),"Sep 2023, Sep 2024",https://www1.chester.ac.uk/study/undergraduate/geography-year-abroad-ba
Geography with a Year in Industry BA (Hons),BA (Hons),Full-time - BA (Hons),Sep 2024,https://www1.chester.ac.uk/study/undergraduate/ba-geography-year-industry
Geography with a Year in Industry BSc (Hons),BSc (Hons),Full-time - BSc (Hons),Sep 2024,https://www1.chester.ac.uk/study/undergraduate/geography-year-industry
Geography with Year Abroad BSc (Hons),BSc (Hons),Full-time - BSc (Hons),"Sep 2023, Sep 2024",https://www1.chester.ac.uk/study/undergraduate/geography-year-abroad-4
Graduate Entry Medicine MBChB,MBChB,Full-time - MBChB,Sep 2024,https://www1.chester.ac.uk/study/undergraduate/graduate-entry-medicine
Graduate Entry Medicine MBChB,MBChB,Full-time - MBChB,Sep 2024,https://www1.chester.ac.uk/study/postgraduate/graduate-entry-medicine
Graphic Design BA (Hons),BA (Hons),"Full-time - BA (Hons), Full-time with Foundation Year - BA (Hons), Full-time with Placement Year - BA (Hons), Part-time - BA (Hons)",Sep 2024,https://www1.chester.ac.uk/study/undergraduate/graphic-design
Graphic Design (Combined) BA (Hons),BA (Hons),"Full-time - BA (Hons), Part-time - BA (Hons)",Sep 2024,https://www1.chester.ac.uk/study/undergraduate/graphic-design-combined
Graphic Design and Photography,BA (Hons),"Full-time - BA (Hons), Part-time - BA (Hons)",Sep 2024,https://www1.chester.ac.uk/study/undergraduate/graphic-design-and-photography
Haematology MSc,MSc,"Full-time - MSc, Part-time - MSc","Feb 2024, Oct 2024, Feb 2025",https://www1.chester.ac.uk/study/postgraduate/haematology
Health Services Management MSc,MSc,"Full-time - MSc, Part-time - MSc","Feb 2024, May 2024, Oct 2024, Feb 2025, May 2025",https://www1.chester.ac.uk/study/postgraduate/health-services-management
History BA (Hons),BA (Hons),"Full-time - BA (Hons), Full-time with Foundation Year - BA (Hons), Part-time - BA (Hons)","Sep 2023, Sep 2024",https://www1.chester.ac.uk/study/undergraduate/history
History (Combined) BA (Hons),BA (Hons),"Full-time - BA (Hons), Part-time - BA (Hons)","Sep 2023, Sep 2024",https://www1.chester.ac.uk/study/undergraduate/history-combined
History MA,MA,"Full-time - MA, Part-time - MA",Oct 2024,https://www1.chester.ac.uk/study/postgraduate/history
History (MRes) MRes,MRes,"Full-time - MRes, Part-time - MRes",Oct 2024,https://www1.chester.ac.uk/study/postgraduate/history-mres
History and Politics,NA,"Full-time -, Part-time -","Sep 2023, Sep 2024",https://www1.chester.ac.uk/study/undergraduate/history-and-politics
"Human Nutrition MSc, PGDip, PGCert",PGCert,"Full-time - MSc, Part-time - MSc, Full-time - PGDip, Part-time - PGDip, Part-time - PGCert",Oct 2024,https://www1.chester.ac.uk/study/postgraduate/human-nutrition
Human Nutrition BSc (Hons),BSc (Hons),"Full-time - BSc (Hons), Full-time with Foundation Year - BSc (Hons), Part-time - BSc (Hons)","Sep 2023, Sep 2024",https://www1.chester.ac.uk/study/undergraduate/human-nutrition
Infection and Immunity MSc,MSc,"Full-time - MSc, Part-time - MSc","Feb 2024, Oct 2024, Feb 2025",https://www1.chester.ac.uk/study/postgraduate/infection-and-immunity
Integrated Master's in Nursing (Adult Pathway) MNurs MNurs (Adult Pathway),MNurs (Adult Pathway),Full-time - MNurs (Adult Pathway),"Sep 2023, Sep 2024",https://www1.chester.ac.uk/study/undergraduate/integrated-masters-nursing-adult-pathway-mnurs
Integrated Master's in Nursing (Child Pathway) MNurs MNurs (Child Pathway),MNurs (Child Pathway),Full-time - MNurs (Child Pathway),"Sep 2023, Sep 2024",https://www1.chester.ac.uk/study/undergraduate/integrated-masters-nursing-child-pathway-mnurs
Integrated Master's in Nursing (Learning Disability Pathway) MNurs MNurs,MNurs,Full-time - MNurs,"Sep 2023, Sep 2024",https://www1.chester.ac.uk/study/undergraduate/integrated-masters-nursing-learning-disability-pathway-mnurs
Integrated Master's in Nursing (Mental Health Pathway) MNurs MNurs,MNurs,Full-time - MNurs,Sep 2024,https://www1.chester.ac.uk/study/undergraduate/integrated-masters-nursing-mental-health-pathway-mnurs
Interior Design BA (Hons),BA (Hons),"Full-time - BA (Hons), Full-time with Foundation Year - BA (Hons), Part-time - BA (Hons)",Sep 2024,https://www1.chester.ac.uk/study/undergraduate/interior-design
International Business MSc,MSc,"Full-time - MSc, Part-time - MSc","Feb 2024, May 2024, Oct 2024, Feb 2025, May 2025",https://www1.chester.ac.uk/study/postgraduate/international-business
International Business Management BA (Hons),BA (Hons),"Full-time - BA (Hons), Full-time with Foundation Year - BA (Hons), Full-time with Placement Year - BA (Hons), Part-time - BA (Hons)","Sep 2023, Sep 2024",https://www1.chester.ac.uk/study/undergraduate/international-business-management
International Business Management with a Language (French Spanish) BA (Hons),BA (Hons),"Full-time - BA (Hons), Full-time with Placement Year - BA (Hons), Part-time - BA (Hons), Full-time - BA (Hons), Full-time with Placement Year - BA (Hons)","Sep 2023, Sep 2024",https://www1.chester.ac.uk/study/undergraduate/international-business-management-language-french-or-spanish
International Finance MSc,MSc,"Full-time - MSc, Part-time - MSc","Feb 2024, May 2024, Oct 2024, Feb 2025, May 2025",https://www1.chester.ac.uk/study/postgraduate/international-finance
International Relations BA (Hons),BA (Hons),"Full-time - BA (Hons), Full-time with Foundation Year - BA (Hons), Part-time - BA (Hons)","Sep 2023, Sep 2024",https://www1.chester.ac.uk/study/undergraduate/international-relations
International Relations (Combined) BA (Hons),BA (Hons),"Full-time - BA (Hons), Part-time - BA (Hons)","Sep 2023, Sep 2024",https://www1.chester.ac.uk/study/undergraduate/international-relations-combined
International Relations and Politics,BA (Hons),"Full-time - BA (Hons), Part-time - BA (Hons)","Sep 2023, Sep 2024",https://www1.chester.ac.uk/study/undergraduate/international-relations-and-politics
International Relations and Spanish,BA (Hons),"Full-time - BA (Hons), Part-time - BA (Hons)","Sep 2023, Sep 2024",https://www1.chester.ac.uk/study/undergraduate/international-relations-and-spanish
International Tourism Management (Combined) BA (Hons),BA (Hons),"Full-time - BA (Hons), Full-time with Placement Year - BA (Hons), Part-time - BA (Hons)","Sep 2023, Sep 2024",https://www1.chester.ac.uk/study/undergraduate/international-tourism-management-combined
International Tourism Management BA (Hons),BA (Hons),"Full-time - BA (Hons), Full-time with Foundation Year - BA (Hons), Full-time with Placement Year - BA (Hons), Part-time - BA (Hons)","Sep 2023, Sep 2024",https://www1.chester.ac.uk/study/undergraduate/international-tourism-management
International Tourism Management and Marketing Management BA (Hons),"BA (Hons)
BA (Hons)","Full-time - BA (Hons), Part-time - BA (Hons), BA (Hons)","Sep 2023, Sep 2024",https://www1.chester.ac.uk/study/undergraduate/international-tourism-management-and-marketing-management
International Tourism Management with a Language (French Spanish) BA (Hons),BA (Hons),"Full-time - BA (Hons), Full-time with Placement Year - BA (Hons), Part-time - BA (Hons)","Sep 2023, Sep 2024",https://www1.chester.ac.uk/study/undergraduate/international-tourism-management-language-french-or-spanish
Journalism BA (Hons),BA (Hons),"Full-time - BA (Hons), Full-time with Foundation Year - BA (Hons)","Sep 2023, Sep 2024",https://www1.chester.ac.uk/study/undergraduate/journalism
Journalism (Combined) BA (Hons),BA (Hons),Full-time - BA (Hons),"Sep 2023, Sep 2024",https://www1.chester.ac.uk/study/undergraduate/journalism-combined
Journalism MA,MA,"Full-time - MA, Part-time - MA",Oct 2024,https://www1.chester.ac.uk/study/postgraduate/journalism
Journalism and English Literature,BA (Hons),"Full-time - BA (Hons), Part-time - BA (Hons)","Sep 2023, Sep 2024",https://www1.chester.ac.uk/study/undergraduate/journalism-and-english-literature
"Language, Cultures and Translation MA",MA,"Part-time - MA, Full-time - MA",Oct 2024,https://www1.chester.ac.uk/study/postgraduate/language-cultures-and-translation
Law (LLB) LLB (Hons),LLB (Hons),"Full-time - LLB (Hons), Full-time with Foundation Year - LLB (Hons), Part-time - LLB (Hons)","Sep 2023, Sep 2024",https://www1.chester.ac.uk/study/undergraduate/law-llb
Law with Business (LLB) LLB (Hons),LLB (Hons),"Full-time - LLB (Hons), Full-time with Foundation Year - LLB (Hons), Part-time - LLB (Hons)","Sep 2023, Sep 2024",https://www1.chester.ac.uk/study/undergraduate/law-business-llb
Law with Criminology (LLB) LLB (Hons),LLB (Hons),"Full-time - LLB (Hons), Full-time with Foundation Year - LLB (Hons), Part-time - LLB (Hons)","Sep 2023, Sep 2024",https://www1.chester.ac.uk/study/undergraduate/law-criminology-llb
Learning Disability Nursing BN (Hons),BN (Hons),"Full-time - BN (Hons), Full-time with Foundation Year - BN (Hons)","Sep 2023, Sep 2024",https://www1.chester.ac.uk/study/undergraduate/learning-disability-nursing
Management MSc,MSc,"Full-time - MSc, Part-time - MSc","Feb 2024, May 2024, Oct 2024, Feb 2025, May 2025",https://www1.chester.ac.uk/study/postgraduate/management
Marine and Coastal Resource Management MSc,MSc,"Full-time - MSc, Part-time - MSc",Oct 2024,https://www1.chester.ac.uk/study/postgraduate/marine-and-coastal-resource-management
Marine Biology BSc (Hons),BSc (Hons),"Full-time - BSc (Hons), Full-time with Foundation Year - BSc (Hons), Part-time - BSc (Hons)","Sep 2023, Sep 2024",https://www1.chester.ac.uk/study/undergraduate/marine-biology
Marketing BA (Hons),BA (Hons),"Full-time - BA (Hons), Full-time with Foundation Year - BA (Hons), Full-time with Placement Year - BA (Hons), Part-time - BA (Hons)",Sep 2024,https://www1.chester.ac.uk/study/undergraduate/marketing
Marketing (Combined) BA (Hons),BA (Hons),"Full-time - BA (Hons), Full-time with Placement Year - BA (Hons), Part-time - BA (Hons)","Sep 2023, Sep 2024",https://www1.chester.ac.uk/study/undergraduate/marketing-combined
Marketing Management MSc,MSc,"Full-time - MSc, Part-time - MSc","Feb 2024, May 2024, Oct 2024, Feb 2025, May 2025",https://www1.chester.ac.uk/study/postgraduate/marketing-management
Master of Business Administration MBA,MBA,Full-time - MBA,"Jan 2024, May 2024, Oct 2024, Jan 2025, May 2025",https://www1.chester.ac.uk/study/postgraduate/master-business-administration
Master of Public Health MPH,MPH,"Full-time - MPH, Part-time - MPH","Jan 2024, Oct 2024, Jan 2025",https://www1.chester.ac.uk/study/postgraduate/master-public-health
Mathematics MSc,MSc,"Full-time - MSc, Part-time - MSc",Oct 2024,https://www1.chester.ac.uk/study/postgraduate/mathematics
Mathematics BSc (Hons),BSc (Hons),"Full-time - BSc (Hons), Full-time with Foundation Year - BSc (Hons), Part-time - BSc (Hons)","Sep 2023, Sep 2024",https://www1.chester.ac.uk/study/undergraduate/mathematics
Mechanical Engineering MSc,MSc,"Full-time - MSc, Part-time - MSc","Jan 2024, Oct 2024, Jan 2025",https://www1.chester.ac.uk/study/postgraduate/mechanical-engineering
Media and Television Production BA (Hons),BA (Hons),"Full-time - BA (Hons), Full-time with Foundation Year - BA (Hons), Part-time - BA (Hons)","Sep 2023, Sep 2024",https://www1.chester.ac.uk/study/undergraduate/media-and-television-production
Medical Genetics MSc,MSc,"Full-time - MSc, Part-time - MSc","Feb 2024, Oct 2024",https://www1.chester.ac.uk/study/postgraduate/medical-genetics
Medical Science (BMedSci) BMedSci (Hons),BMedSci (Hons),Full-time - BMedSci (Hons),"Sep 2023, Sep 2024",https://www1.chester.ac.uk/study/undergraduate/medical-science-bmedsci
Medical Science (MRes) MRes,MRes,"Full-time - MRes, Part-time - MRes",Oct 2024,https://www1.chester.ac.uk/study/postgraduate/medical-science-mres
Mental Health Nursing (Chester) BN (Hons),BN (Hons),"Full-time - BN (Hons), Full-time with Foundation Year - BN (Hons)",Sep 2024,https://www1.chester.ac.uk/study/undergraduate/mental-health-nursing-chester
Mental Health Nursing (Warrington) BN (Hons),BN (Hons),"Full-time - BN (Hons), Full-time with Foundation Year - BN (Hons)",Sep 2024,https://www1.chester.ac.uk/study/undergraduate/mental-health-nursing-warrington
Midwifery BSc (Hons),BSc (Hons),Full-time - BSc (Hons),"Sep 2023, Sep 2024",https://www1.chester.ac.uk/study/undergraduate/midwifery
Modern Languages (3 years) BA (Hons),BA (Hons),"Full-time - BA (Hons), Part-time - BA (Hons)",Sep 2024,https://www1.chester.ac.uk/study/undergraduate/modern-languages-3-years
Modern Languages (MRes) MRes,MRes,"Part-time - MRes, Full-time - MRes",Oct 2024,https://www1.chester.ac.uk/study/postgraduate/modern-languages-mres
Modern Languages with a Year Abroad BA (Hons),BA (Hons),"Full-time - BA (Hons), Part-time - BA (Hons)",Sep 2024,https://www1.chester.ac.uk/study/undergraduate/modern-languages-year-abroad
Museums and Heritage Practice MSc,MSc,"Full-time - MSc, Part-time - MSc",Oct 2024,https://www1.chester.ac.uk/study/postgraduate/museums-and-heritage-practice
Music Journalism BA (Hons),BA (Hons),"Full-time - BA (Hons), Full-time with Foundation Year - BA (Hons), Part-time - BA (Hons)","Sep 2023, Sep 2024",https://www1.chester.ac.uk/study/undergraduate/music-journalism
Music Production BA (Hons),BA (Hons),"Full-time - BA (Hons), Part-time - BA (Hons), Full-time with Foundation Year - BA (Hons)",Sep 2024,https://www1.chester.ac.uk/study/undergraduate/music-production
Musical Theatre Performance (The Hammond) BA (Hons),BA (Hons),Full-time - BA (Hons),Sep 2024,https://www1.chester.ac.uk/study/undergraduate/musical-theatre-performance-hammond
National Award for Special Educational Needs Coordination (NASENCo) (Chester) PGCert,PGCert,Part-time - PGCert,Oct 2024,https://www1.chester.ac.uk/study/postgraduate/national-award-special-educational-needs-coordination-nasenco-chester
Natural Hazard Management (Combined) BSc/BA (Hons),BSc/BA (Hons),"Full-time - BSc/BA (Hons), Part-time - BSc/BA (Hons)","Sep 2023, Sep 2024",https://www1.chester.ac.uk/study/undergraduate/natural-hazard-management-combined
Neurodevelopmental Conditions PG Cert,PG Cert,Part-time - PG Cert,"Feb 2024, Oct 2024, Feb 2025",https://www1.chester.ac.uk/study/postgraduate/neurodevelopmental-conditions
Nineteenth-Century Literature and Culture MA,MA,"Full-time - MA, Part-time - MA",Oct 2024,https://www1.chester.ac.uk/study/postgraduate/nineteenth-century-literature-and-culture
Non-Medical Prescribing Level 7 40 credits,Level 7 40 credits,Part-time - Level 7 40 credits,Sep 2024,https://www1.chester.ac.uk/study/postgraduate/non-medical-prescribing
Non-Medical Prescribing Level 6 (40 credits),Level 6 (40 credits),Part-time - Level 6 (40 credits),Sep 2023,https://www1.chester.ac.uk/study/short/non-medical-prescribing
Nursing Associate FdSc,FdSc,Full-time - FdSc,"Sep 2023, Mar 2024",https://www1.chester.ac.uk/study/undergraduate/nursing-associate-higher-apprenticeship
Nursing Associate (Direct Entry) FdSc,FdSc,Full-time - FdSc,"Sep 2023, Sep 2024",https://www1.chester.ac.uk/study/undergraduate/nursing-associate-direct-entry
Nutrition and Dietetics BSc (Hons),BSc (Hons),Full-time - BSc (Hons),"Sep 2023, Sep 2024",https://www1.chester.ac.uk/study/undergraduate/nutrition-and-dietetics
"Nutrition and Dietetics MSc , PGDip",PGDip,"Full-time - MSc, Full-time - PGDip",Sep 2024,https://www1.chester.ac.uk/study/postgraduate/nutrition-and-dietetics
"Obesity and Weight Management MSc, PGDip, PGCert",PGCert,"Full-time - MSc, Part-time - MSc, Full-time - PGDip, Part-time - PGDip, Part-time - PGCert",Oct 2024,https://www1.chester.ac.uk/study/postgraduate/obesity-and-weight-management
Oncology MSc,MSc,"Full-time - MSc, Part-time - MSc","Feb 2024, Oct 2024, Feb 2025",https://www1.chester.ac.uk/study/postgraduate/oncology
Orthopaedics MSc,MSc,"Full-time - MSc, Part-time - MSc","Jan 2024, Oct 2024, Jan 2025",https://www1.chester.ac.uk/study/postgraduate/orthopaedics
Pharmacology BSc (Hons),BSc (Hons),"Full-time - BSc (Hons), Full-time with Foundation Year - BSc (Hons)","Sep 2023, Sep 2024",https://www1.chester.ac.uk/study/undergraduate/pharmacology
"Philosophy, Ethics and Religion BA (Hons)",BA (Hons),"Full-time - BA (Hons), Full-time with Foundation Year - BA (Hons), Part-time - BA (Hons)","Sep 2023, Sep 2024",https://www1.chester.ac.uk/study/undergraduate/philosophy-ethics-and-religion
Photography BA (Hons),BA (Hons),"Full-time - BA (Hons), Full-time with Foundation Year - BA (Hons), Part-time - BA (Hons)",Sep 2024,https://www1.chester.ac.uk/study/undergraduate/photography
Photography (Combined) BA (Hons),BA (Hons),"Full-time - BA (Hons), Part-time - BA (Hons)",Sep 2024,https://www1.chester.ac.uk/study/undergraduate/photography-combined
Physician Associate Studies MSc,MSc,Full-time - MSc,Jan 2025,https://www1.chester.ac.uk/study/postgraduate/physician-associate-studies
Physics BSc (Hons),BSc (Hons),"Full-time - BSc (Hons), Full-time with Foundation Year - BSc (Hons), Part-time - BSc (Hons)","Sep 2023, Sep 2024",https://www1.chester.ac.uk/study/undergraduate/physics
Police Constable (Integrated Degree) BSc,BSc,Full-time - BSc,Mar 2024,https://www1.chester.ac.uk/study/undergraduate/police-constable-integrated-degree
"Policing, Law and Investigation (Top-Up) BSc (Hons) Top-Up, BSc (Hons)",BSc (Hons),"Full-time - BSc (Hons) Top-Up, Part-time - BSc (Hons)","Sep 2023, Sep 2024",https://www1.chester.ac.uk/study/undergraduate/policing-law-and-investigation-top
"Policing, Law Enforcement and Security MSc",MSc,"Full-time - MSc, Part-time - MSc",Oct 2024,https://www1.chester.ac.uk/study/postgraduate/policing-law-enforcement-and-security
Politics (Combined) BA (Hons),BA (Hons),"Full-time - BA (Hons), Part-time - BA (Hons)","Sep 2023, Sep 2024",https://www1.chester.ac.uk/study/undergraduate/politics-combined
Politics BA (Hons),BA (Hons),"Full-time - BA (Hons), Full-time with Foundation Year - BA (Hons), Part-time - BA (Hons)","Sep 2023, Sep 2024",https://www1.chester.ac.uk/study/undergraduate/politics
Politics and Sociology,NA,"Full-time -, Part-time -","Sep 2023, Sep 2024",https://www1.chester.ac.uk/study/undergraduate/politics-and-sociology
Popular Music MA,MA,"Full-time - MA, Part-time - MA",Oct 2024,https://www1.chester.ac.uk/study/postgraduate/popular-music
Popular Music Performance BA (Hons),BA (Hons),"Full-time - BA (Hons), Full-time with Foundation Year - BA (Hons)",Sep 2024,https://www1.chester.ac.uk/study/undergraduate/popular-music-performance
Pre-registration Adult Nursing MSc,MSc,Full-time - MSc,Sep 2024,https://www1.chester.ac.uk/study/postgraduate/pre-registration-adult-nursing
Pre-registration Mental Health Nursing MSc,MSc,Full-time - MSc,Sep 2024,https://www1.chester.ac.uk/study/postgraduate/pre-registration-mental-health-nursing
Primary (5-11) PGCE with QTS,PGCE with QTS,Full-time - PGCE with QTS,Sep 2024,https://www1.chester.ac.uk/study/postgraduate/primary-5-11
Primary (5-11) Lead School Partner Route PGCE with QTS,PGCE with QTS,Full-time - PGCE with QTS,Sep 2024,https://www1.chester.ac.uk/study/postgraduate/primary-5-11-lead-school-partner-route
Primary Education (5-11) with QTS (Chester) - Teacher Education BA (Hons),BA (Hons),Full-time - BA (Hons),Sep 2024,https://www1.chester.ac.uk/study/undergraduate/primary-education-5-11-qts-chester-teacher-education
Primary Education (5-11) with QTS (Shrewsbury) - Teacher Education BA (Hons),BA (Hons),Full-time - BA (Hons),Sep 2024,https://www1.chester.ac.uk/study/undergraduate/primary-education-5-11-qts-shrewsbury-teacher-education
Primary/Early Years (3-7) PGCE with QTS,PGCE with QTS,Full-time - PGCE with QTS,Sep 2024,https://www1.chester.ac.uk/study/postgraduate/primaryearly-years-3-7
Primary/Early Years (3-7) Lead School Partner Route PGCE with QTS,PGCE with QTS,Full-time - PGCE with QTS,Sep 2024,https://www1.chester.ac.uk/study/postgraduate/primaryearly-years-3-7-lead-school-partner-route
Product Design BA (Hons),BA (Hons),"Full-time - BA (Hons), Full-time with Foundation Year - BA (Hons)",Sep 2024,https://www1.chester.ac.uk/study/undergraduate/product-design
Professional Dance BA (Hons),BA (Hons),Full-time - BA (Hons),Sep 2024,https://www1.chester.ac.uk/study/undergraduate/professional-dance
Programme and Project Management MSc,MSc,"Full-time - MSc, Part-time - MSc","Jan 2024, Oct 2024, Jan 2025",https://www1.chester.ac.uk/study/postgraduate/programme-and-project-management
Psychiatry (International Training Fellowship) MSc,MSc,Part-time - MSc,Oct 2024,https://www1.chester.ac.uk/study/postgraduate/psychiatry-international-training-fellowship
Psychiatry (UK home student route) MSc,MSc,Part-time - MSc,Oct 2024,https://www1.chester.ac.uk/study/postgraduate/psychiatry-uk-home-student-route
Psychological Trauma Postgraduate Certificate,Postgraduate Certificate,Part-time - Postgraduate Certificate,"Feb 2024, Feb 2025",https://www1.chester.ac.uk/study/postgraduate/psychological-trauma
Psychology (Combined) BSc (Hons),BSc (Hons),"Full-time - BSc (Hons), Part-time - BSc (Hons)","Sep 2023, Sep 2024",https://www1.chester.ac.uk/study/undergraduate/psychology-combined
Psychology BSc (Hons),BSc (Hons),"Full-time - BSc (Hons), Full-time with Foundation Year - BSc (Hons), Part-time - BSc (Hons)","Sep 2023, Sep 2024",https://www1.chester.ac.uk/study/undergraduate/psychology
Psychology (Conversion) MSc,MSc,"Full-time - MSc, Part-time - MSc",Oct 2024,https://www1.chester.ac.uk/study/postgraduate/psychology-conversion
Psychology (MRes) MRes,MRes,"Full-time - MRes, Part-time - MRes",Oct 2024,https://www1.chester.ac.uk/study/postgraduate/psychology-mres
Psychology and Sociology,BA (Hons),"Full-time - BA (Hons), Part-time - BA (Hons)","Sep 2023, Sep 2024",https://www1.chester.ac.uk/study/undergraduate/psychology-and-sociology
Psychology and Spanish,NA,Full-time,"Sep 2023, Sep 2024",https://www1.chester.ac.uk/study/undergraduate/psychology-and-spanish
"Public Health Nutrition MSc, PGDip, PGCert",PGCert,"Full-time - MSc, Full-time - PGDip, Part-time - MSc, Part-time - PGDip, Part-time - PGCert",Oct 2024,https://www1.chester.ac.uk/study/postgraduate/public-health-nutrition
Registered Nurse (Degree Apprenticeship) BN,BN,Full-time - BN,"Sep 2023, Sep 2024",https://www1.chester.ac.uk/study/undergraduate/registered-nurse-degree-apprenticeship
Respiratory Medicine MSc,MSc,"Full-time - MSc, Part-time - MSc","Feb 2024, Oct 2024",https://www1.chester.ac.uk/study/postgraduate/respiratory-medicine
Return to Practice (RTP) Nursing,NA,Part-time,"Jan 2024, Apr 2024, Sep 2024",https://www1.chester.ac.uk/study/undergraduate/return-practice-rtp-nursing
Secondary (Lead School Partner Route) PGCE with QTS,PGCE with QTS,Full-time - PGCE with QTS,Sep 2024,https://www1.chester.ac.uk/study/postgraduate/secondary-lead-school-partner-route
Secondary Art and Design PGCE with QTS,PGCE with QTS,Full-time - PGCE with QTS,Sep 2024,https://www1.chester.ac.uk/study/postgraduate/secondary-art-and-design
Secondary Art and Design (Lead School Partner Route) PGCE with QTS,PGCE with QTS,Full-time - PGCE with QTS,Sep 2024,https://www1.chester.ac.uk/study/postgraduate/secondary-art-and-design-lead-school-partner-route
Secondary Biology PGCE with QTS,PGCE with QTS,Full-time - PGCE with QTS,Sep 2024,https://www1.chester.ac.uk/study/postgraduate/secondary-biology
Secondary Biology (Lead School Partner Route) PGCE with QTS,PGCE with QTS,Full-time - PGCE with QTS,Sep 2024,https://www1.chester.ac.uk/study/postgraduate/secondary-biology-lead-school-partner-route
Secondary Business Studies (Lead School Partner Route) PGCE with QTS,PGCE with QTS,Full-time - PGCE with QTS,Sep 2024,https://www1.chester.ac.uk/study/postgraduate/secondary-business-studies-lead-school-partner-route
Secondary Chemistry PGCE with QTS,PGCE with QTS,Full-time - PGCE with QTS,Sep 2024,https://www1.chester.ac.uk/study/postgraduate/secondary-chemistry
Secondary Chemistry (Lead School Partner Route) PGCE with QTS,PGCE with QTS,Full-time - PGCE with QTS,Sep 2024,https://www1.chester.ac.uk/study/postgraduate/secondary-chemistry-lead-school-partner-route
Secondary Computer Science PGCE with QTS,PGCE with QTS,Full-time - PGCE with QTS,Sep 2024,https://www1.chester.ac.uk/study/postgraduate/secondary-computer-science
Secondary Computing (Lead School Partner Route) PGCE with QTS,PGCE with QTS,Full-time - PGCE with QTS,Sep 2024,https://www1.chester.ac.uk/study/postgraduate/secondary-computing-lead-school-partner-route
Secondary Design and Technology PGCE with QTS,PGCE with QTS,Full-time - PGCE with QTS,Sep 2024,https://www1.chester.ac.uk/study/postgraduate/secondary-design-and-technology
Secondary Design and Technology (Lead School Partner Route) PGCE with QTS,PGCE with QTS,Full-time - PGCE with QTS,Sep 2024,https://www1.chester.ac.uk/study/postgraduate/secondary-design-and-technology-lead-school-partner-route
Secondary Drama PGCE with QTS,PGCE with QTS,Full-time - PGCE with QTS,Sep 2024,https://www1.chester.ac.uk/study/postgraduate/secondary-drama
Secondary Drama (Lead School Partner Route) PGCE with QTS,PGCE with QTS,Full-time - PGCE with QTS,Sep 2024,https://www1.chester.ac.uk/study/postgraduate/secondary-drama-lead-school-partner-route
Secondary English PGCE with QTS,PGCE with QTS,Full-time - PGCE with QTS,Sep 2024,https://www1.chester.ac.uk/study/postgraduate/secondary-english
Secondary English (Lead School Partner Route) PGCE with QTS,PGCE with QTS,Full-time - PGCE with QTS,Sep 2024,https://www1.chester.ac.uk/study/postgraduate/secondary-english-lead-school-partner-route
Secondary Geography PGCE with QTS,PGCE with QTS,Full-time - PGCE with QTS,Sep 2024,https://www1.chester.ac.uk/study/postgraduate/secondary-geography
Secondary Geography (Lead School Partner Route) PGCE with QTS,PGCE with QTS,Full-time - PGCE with QTS,Sep 2024,https://www1.chester.ac.uk/study/postgraduate/secondary-geography-lead-school-partner-route
Secondary History PGCE with QTS,PGCE with QTS,Full-time - PGCE with QTS,Sep 2024,https://www1.chester.ac.uk/study/postgraduate/secondary-history
Secondary History (Lead School Partner Route) PGCE with QTS,PGCE with QTS,Full-time - PGCE with QTS,Sep 2024,https://www1.chester.ac.uk/study/postgraduate/secondary-history-lead-school-partner-route
Secondary Mathematics PGCE with QTS,PGCE with QTS,Full-time - PGCE with QTS,Sep 2024,https://www1.chester.ac.uk/study/postgraduate/secondary-mathematics
Secondary Mathematics (Lead School Partner Route) PGCE with QTS,PGCE with QTS,Full-time - PGCE with QTS,Sep 2024,https://www1.chester.ac.uk/study/postgraduate/secondary-mathematics-lead-school-partner-route
Secondary Modern Languages PGCE with QTS,PGCE with QTS,Full-time - PGCE with QTS,Sep 2024,https://www1.chester.ac.uk/study/postgraduate/secondary-modern-languages
Secondary Modern Languages (Lead School Partner Route) PGCE with QTS,PGCE with QTS,Full-time - PGCE with QTS,Sep 2024,https://www1.chester.ac.uk/study/postgraduate/secondary-modern-languages-lead-school-partner-route
Secondary Music (Lead School Partner Route) PGCE with QTS,PGCE with QTS,Full-time - PGCE with QTS,Sep 2024,https://www1.chester.ac.uk/study/postgraduate/secondary-music-lead-school-partner-route
Secondary Physical Education PGCE with QTS,PGCE with QTS,Full-time - PGCE with QTS,Sep 2024,https://www1.chester.ac.uk/study/postgraduate/secondary-physical-education
Secondary Physical Education (Lead School Partner Route) PGCE with QTS,PGCE with QTS,Full-time - PGCE with QTS,Sep 2024,https://www1.chester.ac.uk/study/postgraduate/secondary-physical-education-lead-school-partner-route
Secondary Physics PGCE with QTS,PGCE with QTS,Full-time - PGCE with QTS,Sep 2024,https://www1.chester.ac.uk/study/postgraduate/secondary-physics
Secondary Physics (Lead School Partner Route) PGCE with QTS,PGCE with QTS,Full-time - PGCE with QTS,Sep 2024,https://www1.chester.ac.uk/study/postgraduate/secondary-physics-lead-school-partner-route
Secondary Religious Education PGCE with QTS,PGCE with QTS,Full-time - PGCE with QTS,Sep 2024,https://www1.chester.ac.uk/study/postgraduate/secondary-religious-education
Secondary Religious Education (Lead School Partner Route) PGCE with QTS,PGCE with QTS,Full-time - PGCE with QTS,Sep 2024,https://www1.chester.ac.uk/study/postgraduate/secondary-religious-education-lead-school-partner-route
Secondary Social Sciences (Lead School Partner Route) PGCE with QTS,PGCE with QTS,Full-time - PGCE with QTS,Sep 2024,https://www1.chester.ac.uk/study/postgraduate/secondary-social-sciences-lead-school-partner-route
"Social Work MA, PGDip",PGDip,"Full-time - MA, Full-time - PGDip","Jan 2023, Jan 2024",https://www1.chester.ac.uk/study/postgraduate/social-work
Social Work BA (Hons),BA (Hons),"Full-time - BA (Hons), Full-time with Foundation Year - BA (Hons)","Sep 2023, Sep 2024",https://www1.chester.ac.uk/study/undergraduate/social-work
Social Work Degree Apprenticeship BA (Hons),BA (Hons),Full-time - BA (Hons),"Sep 2023, Sep 2024",https://www1.chester.ac.uk/study/undergraduate/social-work-degree-apprenticeship
Sociology BSc (Hons),BSc (Hons),"Full-time - BSc (Hons), Full-time with Foundation Year - BSc (Hons), Part-time - BSc (Hons)","Sep 2023, Sep 2024",https://www1.chester.ac.uk/study/undergraduate/sociology
Sociology (Combined) BSc (Hons),BSc (Hons),"Full-time - BSc (Hons), Part-time - BSc (Hons)","Sep 2023, Sep 2024",https://www1.chester.ac.uk/study/undergraduate/sociology-combined
Sociology of Sport and Exercise MSc,MSc,"Full-time - MSc, Part-time - MSc",Oct 2024,https://www1.chester.ac.uk/study/postgraduate/sociology-sport-and-exercise
Software Engineering BSc (Hons),BSc (Hons),"Full-time - BSc (Hons), Full-time with Placement Year - BSc (Hons), Full-time with Foundation Year - BSc (Hons)","Sep 2023, Sep 2024",https://www1.chester.ac.uk/study/undergraduate/software-engineering
Spanish (Combined) BA (Hons),BA (Hons),"Full-time - BA (Hons), Part-time - BA (Hons)","Sep 2023, Sep 2024",https://www1.chester.ac.uk/study/undergraduate/spanish-combined
Spanish and Sport and Exercise Sciences,BA (Hons),"Full-time - BA (Hons), Part-time - BA (Hons)","Sep 2023, Sep 2024",https://www1.chester.ac.uk/study/undergraduate/spanish-and-sport-and-exercise-sciences
"Special Educational Needs and Disability MA, PGDip, PGCert",PGCert,"Part-time - MA, Part-time - PGDip, Part-time - PGCert","Jan 2024, Apr 2024, Oct 2024",https://www1.chester.ac.uk/study/postgraduate/special-educational-needs-and-disability
Sport and Exercise Sciences MRes,MRes,"Full-time - MRes, Part-time - MRes","Feb 2024, Oct 2024, Feb 2025",https://www1.chester.ac.uk/study/postgraduate/sport-and-exercise-sciences
Sport and Exercise Sciences BSc (Hons),BSc (Hons),"Full-time - BSc (Hons), Full-time with Foundation Year - BSc (Hons), Part-time - BSc (Hons)","Sep 2023, Sep 2024",https://www1.chester.ac.uk/study/undergraduate/sport-and-exercise-sciences
Sport and Exercise Sciences (Combined) BSc (Hons),BSc (Hons),"Full-time - BSc (Hons), Part-time - BSc (Hons)","Sep 2023, Sep 2024",https://www1.chester.ac.uk/study/undergraduate/sport-and-exercise-sciences-combined
Sport and Exercise Sciences and Psychology,NA,"Full-time -, Part-time -","Sep 2023, Sep 2024",https://www1.chester.ac.uk/study/undergraduate/sport-and-exercise-sciences-and-psychology
Sports Coaching BSc (Hons),BSc (Hons),"Full-time - BSc (Hons), Part-time - BSc (Hons)","Sep 2023, Sep 2024",https://www1.chester.ac.uk/study/undergraduate/sports-coaching
Sports Journalism BA (Hons),BA (Hons),"Full-time - BA (Hons), Full-time with Foundation Year - BA (Hons), Part-time - BA (Hons)","Sep 2023, Sep 2024",https://www1.chester.ac.uk/study/undergraduate/sports-journalism
Sports Medicine MSc,MSc,"Full-time - MSc, Part-time - MSc",Oct 2024,https://www1.chester.ac.uk/study/postgraduate/sports-medicine
Sports Performance Analysis MSc,MSc,"Full-time - MSc, Part-time - MSc",Oct 2024,https://www1.chester.ac.uk/study/postgraduate/sports-performance-analysis
Sports Performance Science MSc,MSc,"Full-time - MSc, Part-time - MSc",Oct 2024,https://www1.chester.ac.uk/study/postgraduate/sports-performance-science
Stem Cells and Regenerative Medicine MSc,MSc,"Full-time - MSc, Part-time - MSc",Oct 2024,https://www1.chester.ac.uk/study/postgraduate/stem-cells-and-regenerative-medicine
Storytelling (MRes) MRes,MRes,"Full-time - MRes, Part-time - MRes",Oct 2024,https://www1.chester.ac.uk/study/postgraduate/storytelling-mres
TESOL (Teaching English to Speakers of Other Languages) MA,MA,"Full-time - MA, Part-time - MA","Oct 2024, Jan 2025",https://www1.chester.ac.uk/study/postgraduate/tesol-teaching-english-speakers-other-languages
Theology and Religious Studies MA,MA,"Full-time - MA, Part-time - MA",Oct 2024,https://www1.chester.ac.uk/study/postgraduate/theology-and-religious-studies
Theology and Religious Studies BA (Hons),BA (Hons),"Full-time - BA (Hons), Full-time with Foundation Year - BA (Hons), Part-time - BA (Hons)","Sep 2023, Sep 2024",https://www1.chester.ac.uk/study/undergraduate/theology-and-religious-studies
Wildlife Conservation MSc,MSc,"Full-time - MSc, Part-time - MSc",Oct 2024,https://www1.chester.ac.uk/study/postgraduate/wildlife-conservation
Work Based and Integrative Studies BA/BSc (Hons),BA/BSc (Hons),Part-time - BA/BSc (Hons),"Sep 2023, Sep 2024",https://www1.chester.ac.uk/study/undergraduate/work-based-and-integrative-studies
Work Based and Integrative Studies (WBIS) MA / MSc / MBA,MA / MSc / MBA,Part-time - MA / MSc / MBA,Oct 2024,https://www1.chester.ac.uk/study/postgraduate/work-based-and-integrative-studies-wbis
"Working with Children, Young People and Families (WBIS) BA (Hons)",BA (Hons),"Full-time - BA (Hons), Part-time - BA (Hons)","Jan 2024, Sep 2024",https://www1.chester.ac.uk/study/undergraduate/working-children-young-people-and-families-wbis
Zoology BSc (Hons),BSc (Hons),"Full-time - BSc (Hons), Full-time with Foundation Year - BSc (Hons), Part-time - BSc (Hons)","Sep 2023, Sep 2024",https://www1.chester.ac.uk/study/undergraduate/zoology
