Course_Title,Degree_Level,Duration,Attendance_Mode,Start_Date,Course_Link
Accounting and Finance BSc (Hons),Undergraduate,3 years,Full-time,September,https://www.bradford.ac.uk/courses/ug/accounting-and-finance-bsc/?att=ft
Accounting and Finance (with placement year) BSc (Hons),Undergraduate,4 years,Full-time (including placement),September,https://www.bradford.ac.uk/courses/ug/accounting-and-finance-bsc/
Advanced Biomedical Engineering MSc,Postgraduate,1 year,Full-time,"January, September",https://www.bradford.ac.uk/courses/pg/advanced-biomedical-engineering/
Advanced Cardiac Care Module (Part-time),CPD Module,6 months,Part-time,June,https://www.bradford.ac.uk/courses/cpd/advanced-cardiac-care/
Advanced Chemical and Petroleum Engineering MSc,Postgraduate,1 year,Full-time,"January, September",https://www.bradford.ac.uk/courses/pg/advanced-chemical-and-petroleum-engineering/
Advanced Civil and Structural Engineering MSc,Postgraduate,1 year,Full-time,"January, September",https://www.bradford.ac.uk/courses/pg/advanced-civil-and-structural-engineering/
Advanced Clinical Practice (Radiography) MSc (Part-time),Postgraduate,3 years,Part-time,January,https://www.bradford.ac.uk/courses/pg/advanced-clinical-practice-radiography/
Advanced Clinical Practitioner MSc (Part-time),Postgraduate,2 years,Part-time,"January, September",https://www.bradford.ac.uk/courses/pg/advanced-practice-clinical-practitioner/
Advanced Clinical Practitioner Apprenticeship MSc (Part-time),Postgraduate,3 years,Part-time,"September, January",https://www.bradford.ac.uk/courses/apprenticeships/advanced-clinical-practice-apprenticeship/
Advanced Communication Skills Module (Part-time),CPD Module,1 month,Part-time,"February, April",https://www.bradford.ac.uk/courses/cpd/advanced-communication-skills/
Advanced Dementia Studies (Distance Learning) MSc (Part-time),Postgraduate,3 years,Part-time,September,https://www.bradford.ac.uk/courses/pg/advanced-dementia-studies/
Advanced Dementia Studies (Distance Learning) PG Diploma (Part-time),Postgraduate,Up to 3 years,Part-time,September,https://www.bradford.ac.uk/courses/pg/advanced-dementia-studies/
Advanced Dementia Studies (Distance Learning) PG Certificate (Part-time),Postgraduate,Up to 3 years,Part-time,September,https://www.bradford.ac.uk/courses/pg/advanced-dementia-studies/
Advanced Knowledge and Skills for the Management of the Critically Ill Adult Module (Part-time),CPD Module,3 months,Part-time,September,https://www.bradford.ac.uk/courses/cpd/management-of-the-critically-ill-adult/
Advanced Mechanical Engineering MSc,Postgraduate,1 year,Full-time,"January, September",https://www.bradford.ac.uk/courses/pg/advanced-mechanical-engineering/
Advanced Pharmacy Practice MSc (Part-time),Postgraduate,2-3 years,Part-time,"January, September",https://www.bradford.ac.uk/courses/pg/advanced-pharmacy-practice/
Advanced Pharmacy Practice PG Diploma (Part-time),Postgraduate,2 - 3 years,Part-time,"September, January",https://www.bradford.ac.uk/courses/pg/advanced-pharmacy-practice/
Advanced Practice in Peacebuilding and Conflict Resolution MA,Postgraduate,Sept - 1 year or 15 months with internship / placement Jan - 15 months (18 months with placement),Full-time,"January, September",https://www.bradford.ac.uk/courses/pg/peacebuilding-and-conflict-resolution/
Advanced Practice in Peacebuilding and Conflict Resolution MA (Part-time),Postgraduate,2 years or 27 months with internship / placement,Part-time,"January, September",https://www.bradford.ac.uk/courses/pg/peacebuilding-and-conflict-resolution/
Advanced Respiratory Care/Practice Module (Part-time),CPD Module,6 months,Part-time,January,https://www.bradford.ac.uk/courses/cpd/advanced-respiratory-care-practice/
Analytical Sciences MSc,Postgraduate,1 year,Full-time,September,https://www.bradford.ac.uk/courses/pg/analytical-sciences/
Analytical Sciences MSc (Part-time),Postgraduate,2 years,Part-time,September,https://www.bradford.ac.uk/courses/pg/analytical-sciences/
Animation BSc (Hons),Undergraduate,3 years,Full-time,September,https://www.bradford.ac.uk/courses/ug/animation-bsc/?att=ft
Animation (with placement year) BSc (Hons),Undergraduate,4 years,Full-time (including placement),September,https://www.bradford.ac.uk/courses/ug/animation-bsc/
Applied Artificial Intelligence BSc (Hons),Undergraduate,3 years,Full-time,September,https://www.bradford.ac.uk/courses/ug/applied-artificial-intelligence-bsc/
Applied Artificial Intelligence and Data Analytics MSc,Postgraduate,"1 year, plus an optional 3-month industry placement",Full-time,"September, January",https://www.bradford.ac.uk/courses/pg/applied-artificial-intelligence-and-data-analytics/
Applied Artificial Intelligence and Data Analytics MSc (Part-time),Postgraduate,"2 years, plus an optional 3-month industry placement",Part-time,"September, January",https://www.bradford.ac.uk/courses/pg/applied-artificial-intelligence-and-data-analytics/
Applied Computer Science and Artificial Intelligence MSc,Postgraduate,1 year,Full-time,"January, September",https://www.bradford.ac.uk/courses/pg/applied-computer-science-artificial-intelligence/
Applied Computer Science and Artificial Intelligence MSc (Part-time),Postgraduate,2 years,Part-time,"January, September",https://www.bradford.ac.uk/courses/pg/applied-computer-science-artificial-intelligence/
Applied Pathophysiology and Pharmacology in Acute and Long Term Conditions Module (Part-time),CPD Module,4 months,Part-time,September,https://www.bradford.ac.uk/courses/cpd/applied-pathophysiology-and-pharmacology/
Archaeological Sciences MSc,Postgraduate,1 year,Full-time,September,https://www.bradford.ac.uk/courses/pg/archaeological-sciences/
Archaeological Sciences MSc (Part-time),Postgraduate,2 years,Part-time,September,https://www.bradford.ac.uk/courses/pg/archaeological-sciences/
Archaeology BSc (Hons),Undergraduate,3 years,Full-time,September,https://www.bradford.ac.uk/courses/ug/archaeology-bsc/?att=ft
Archaeology (with placement year) BSc (Hons),Undergraduate,4 years,Full-time (including placement),September,https://www.bradford.ac.uk/courses/ug/archaeology-bsc/
Architectural Engineering MEng,Undergraduate,4 years,Full-time,September,https://www.bradford.ac.uk/courses/ug/architectural-engineering-meng/?att=ft
Architectural Engineering BEng (Hons),Undergraduate,3 years,Full-time,September,https://www.bradford.ac.uk/courses/ug/architectural-engineering-beng/?att=ft
Architectural Engineering (with placement year) MEng,Undergraduate,5 years,Full-time (including placement),September,https://www.bradford.ac.uk/courses/ug/architectural-engineering-meng/
Architectural Engineering (with placement year) BEng (Hons),Undergraduate,4 years,Full-time (including placement),September,https://www.bradford.ac.uk/courses/ug/architectural-engineering-beng/
Architectural Technology BSc (Hons),Undergraduate,3 years,Full-time,September,https://www.bradford.ac.uk/courses/ug/architectural-technology-bsc/?att=ft
Architectural Technology (with placement year) BSc (Hons),Undergraduate,4 years,Full-time (including placement),September,https://www.bradford.ac.uk/courses/ug/architectural-technology-bsc/
Artificial Intelligence and Machine Learning MSc,Postgraduate,1 year,Full-time,"September, January",https://www.bradford.ac.uk/courses/pg/artificial-intelligence-machine-learning/
Artificial Intelligence and Machine Learning MSc (Part-time),Postgraduate,2 years,Part-time,"September, January",https://www.bradford.ac.uk/courses/pg/artificial-intelligence-machine-learning/
Automotive Systems Engineering MSc,Postgraduate,1 year,Full-time,September,https://www.bradford.ac.uk/courses/pg/automotive-systems-engineering/
Big Data Science and Technology MSc,Postgraduate,1 year,Full-time,"January, September",https://www.bradford.ac.uk/courses/pg/big-data-science-and-technology/
Big Data Science and Technology MSc (Part-time),Postgraduate,2 years,Part-time,"January, September",https://www.bradford.ac.uk/courses/pg/big-data-science-and-technology/
Bioinformatics MSc,Postgraduate,1 year,Full-time,September,https://www.bradford.ac.uk/courses/pg/bioinformatics/
Biological and Medicinal Chemistry MChem,Undergraduate,4 years,Full-time,September,https://www.bradford.ac.uk/courses/ug/chemistry-medicinal-mchem/
Biomedical Engineering BEng (Hons),Undergraduate,3 years,Full-time,September,https://www.bradford.ac.uk/courses/ug/biomedical-engineering-beng/?att=ft
Biomedical Engineering MEng,Undergraduate,4 years,Full-time,September,https://www.bradford.ac.uk/courses/ug/biomedical-engineering-meng/?att=ft
Biomedical Engineering (with placement year) BEng (Hons),Undergraduate,4 years,Full-time (including placement),September,https://www.bradford.ac.uk/courses/ug/biomedical-engineering-beng/
Biomedical Engineering (with placement year) MEng,Undergraduate,5 years,Full-time (including placement),September,https://www.bradford.ac.uk/courses/ug/biomedical-engineering-meng/
Biomedical Engineering with Integrated Engineering Foundation Year BEng (Hons),Undergraduate,4 years,Full-time,September,https://www.bradford.ac.uk/courses/ug/biomedical-engineering-with-integrated-foundation/?att=ft
Biomedical Engineering with Integrated Engineering Foundation Year and Placement Year BEng (Hons),Undergraduate,5 years,Full-time (including placement),September,https://www.bradford.ac.uk/courses/ug/biomedical-engineering-with-integrated-foundation/
Biomedical Science BSc (Hons),Undergraduate,3 years,Full-time,September,https://www.bradford.ac.uk/courses/ug/biomedical-science-bsc/
Business and Management BSc (Hons),Undergraduate,3 years,Full-time,September,https://www.bradford.ac.uk/courses/ug/business-and-management-bsc/?att=ft
Business and Management (with placement year) BSc (Hons),Undergraduate,4 years,Full-time (including placement),September,https://www.bradford.ac.uk/courses/ug/business-and-management-bsc/
Business Studies and Law BSc (Hons),Undergraduate,3 years,Full-time,September,https://www.bradford.ac.uk/courses/ug/business-studies-and-law-bsc/?att=ft
Business Studies and Law (with placement year) BSc (Hons),Undergraduate,4 years,Full-time (including placement),September,https://www.bradford.ac.uk/courses/ug/business-studies-and-law-bsc/
"Cancer - Understanding Treatment, Management and Care Module (Part-time)",CPD Module,3 months,Part-time,October,https://www.bradford.ac.uk/courses/cpd/cancer-understanding-treatment-management-and-care/
Cancer Drug Discovery MSc,Postgraduate,1 year,Full-time,"January, September",https://www.bradford.ac.uk/courses/pg/cancer-drug-discovery/
Cancer Pharmacology MSc,Postgraduate,1 year,Full-time,"January, September",https://www.bradford.ac.uk/courses/pg/cancer-pharmacology/
Chemical Engineering BEng (Hons),Undergraduate,3 years,Full-time,September,https://www.bradford.ac.uk/courses/ug/chemical-engineering-beng/?att=ft
Chemical Engineering MEng,Undergraduate,4 years,Full-time,September,https://www.bradford.ac.uk/courses/ug/chemical-engineering-meng/?att=ft
Chemical Engineering (with Integrated Engineering Foundation Year and Placement Year) BEng (Hons),Undergraduate,5 years,Full-time (including placement),September,https://www.bradford.ac.uk/courses/ug/chemical-engineering-with-integrated-foundation/
Chemical Engineering (with Integrated Engineering Foundation Year) BEng (Hons),Undergraduate,4 years,Full-time,September,https://www.bradford.ac.uk/courses/ug/chemical-engineering-with-integrated-foundation/?att=ft
Chemical Engineering (with placement year) BEng (Hons),Undergraduate,4 years,Full-time (including placement),September,https://www.bradford.ac.uk/courses/ug/chemical-engineering-beng/
Chemical Engineering (with placement year) MEng,Undergraduate,5 years,Full-time (including placement),September,https://www.bradford.ac.uk/courses/ug/chemical-engineering-meng/
Chemistry BSc (Hons),Undergraduate,3 years,Full-time,September,https://www.bradford.ac.uk/courses/ug/chemistry-bsc/?att=ft
Chemistry MChem,Undergraduate,4 years,Full-time,September,https://www.bradford.ac.uk/courses/ug/chemistry-mchem/
Chemistry (with placement year) BSc (Hons),Undergraduate,4 years,Full-time (including placement),September,https://www.bradford.ac.uk/courses/ug/chemistry-bsc/
Chemistry Apprenticeship BSc (Hons) (Part-time),Undergraduate,Up to 4 years,Part-time,September,https://www.bradford.ac.uk/courses/apprenticeships/chemistry-apprenticeship/
Civil and Structural Engineering MEng,Undergraduate,4 years,Full-time,September,https://www.bradford.ac.uk/courses/ug/civil-and-structural-engineering-meng/?att=ft
Civil and Structural Engineering BEng (Hons),Undergraduate,3 years,Full-time,September,https://www.bradford.ac.uk/courses/ug/civil-and-structural-engineering-beng/?att=ft
Civil and Structural Engineering (with Integrated Engineering Foundation Year and Placement Year) BEng (Hons),Undergraduate,5 years,Full-time (including placement),September,https://www.bradford.ac.uk/courses/ug/civil-and-structural-engineering-with-integrated-foundation/
Civil and Structural Engineering (with Integrated Engineering Foundation Year) BEng (Hons),Undergraduate,4 years,Full-time,September,https://www.bradford.ac.uk/courses/ug/civil-and-structural-engineering-with-integrated-foundation/?att=ft
Civil and Structural Engineering (with placement year) BEng (Hons),Undergraduate,4 years,Full-time (including placement),September,https://www.bradford.ac.uk/courses/ug/civil-and-structural-engineering-beng/
Civil and Structural Engineering (with placement year) MEng,Undergraduate,5 years,Full-time (including placement),September,https://www.bradford.ac.uk/courses/ug/civil-and-structural-engineering-meng/
Clinical Competence in Advanced Practice Module (Part-time),CPD Module,4 months,Part-time,January,https://www.bradford.ac.uk/courses/cpd/clinical-competence-in-advanced-practice/
Clinical Sciences BSc (Hons),Undergraduate,3 years,Full-time,September,https://www.bradford.ac.uk/courses/ug/clinical-sciences-bsc/?att=ft
Clinical Sciences (with placement year) BSc (Hons),Undergraduate,4 years,Full-time (including placement),September,https://www.bradford.ac.uk/courses/ug/clinical-sciences-bsc/
Clinical Technology BSc (Hons),Undergraduate,3 years,Full-time,September,https://www.bradford.ac.uk/courses/ug/clinical-technology-bsc/?att=ft
Clinical Technology (with placement year) BSc (Hons),Undergraduate,4 years,Full-time (including placement),September,https://www.bradford.ac.uk/courses/ug/clinical-technology-bsc/
Computer Science BSc (Hons),Undergraduate,3 years,Full-time,September,https://www.bradford.ac.uk/courses/ug/computer-science-bsc/?att=ft
Computer Science (with Integrated Foundation Year and Placement Year) BSc (Hons),Undergraduate,5 years,Full-time (including placement),September,https://www.bradford.ac.uk/courses/ug/computer-science-with-integrated-foundation/
Computer Science (with Integrated Foundation Year) BSc (Hons),Undergraduate,4 years,Full-time,September,https://www.bradford.ac.uk/courses/ug/computer-science-with-integrated-foundation/?att=ft
Computer Science (with placement year) BSc (Hons),Undergraduate,4 years,Full-time (including placement),September,https://www.bradford.ac.uk/courses/ug/computer-science-bsc/
Computer Science for Cyber Security BSc (Hons),Undergraduate,3 years,Full-time,September,https://www.bradford.ac.uk/courses/ug/computer-science-for-cyber-security-bsc/?att=ft
Computer Science for Cyber Security (with Integrated Foundation Year and Placement Year) BSc (Hons),Undergraduate,5 years,Full-time (including placement),September,https://www.bradford.ac.uk/courses/ug/computer-science-cyber-security-with-integrated-foundation/
Computer Science for Cyber Security (with Integrated Foundation Year) BSc (Hons),Undergraduate,4 years,Full-time,September,https://www.bradford.ac.uk/courses/ug/computer-science-cyber-security-with-integrated-foundation/?att=ft
Computer Science for Cyber Security (with placement year) BSc (Hons),Undergraduate,4 years,Full-time (including placement),September,https://www.bradford.ac.uk/courses/ug/computer-science-for-cyber-security-bsc/
Construction and Project Management MSc,Postgraduate,1 year,Full-time,"September, January",https://www.bradford.ac.uk/courses/pg/construction-and-project-management/
Construction and Project Management PG Diploma,Postgraduate,1 year,Full-time,"September, January",https://www.bradford.ac.uk/courses/pg/construction-and-project-management/
Construction and Project Management PG Certificate,Postgraduate,1 year,Full-time,"September, January",https://www.bradford.ac.uk/courses/pg/construction-and-project-management/
Continence for Physiotherapists PG Certificate (Part-time),Postgraduate,Up to 5 years,Part-time,,https://www.bradford.ac.uk/courses/pg/rehabilitation-studies-continence-for-physiotherapists/
Continence for Physiotherapists PG Diploma (Part-time),Postgraduate,Up to 3 years,Part-time,"September, January",https://www.bradford.ac.uk/courses/pg/rehabilitation-studies-continence-for-physiotherapists/
Continence for Physiotherapists PG Certificate (Part-time),Postgraduate,Up to 3 years,Part-time,"September, January",https://www.bradford.ac.uk/courses/pg/rehabilitation-studies-continence-for-physiotherapists/
Continence Practice for Physiotherapists Module (Part-time),CPD Module,4 months,Part-time,June,https://www.bradford.ac.uk/courses/cpd/continence-practice-for-physiotherapists/
Continence Theory for Physiotherapists Module (Part-time),CPD Module,4 months,Part-time,January,https://www.bradford.ac.uk/courses/cpd/continence-theory-for-physiotherapists/
Criminology and Criminal Behaviour BA (Hons),Undergraduate,3 years,Full-time,September,https://www.bradford.ac.uk/courses/ug/criminology-criminal-behaviour-ba/
Critical Care CCE / PG Certificate (Part-time),CPD Module,1 year,Part-time,"September, January",https://www.bradford.ac.uk/courses/cpd/critical-care-cce/
Cyber Security MSc,Postgraduate,1 year,Full-time,"January, September",https://www.bradford.ac.uk/courses/pg/cyber-security/
Cyber Security MSc (Part-time),Postgraduate,2 years,Part-time,"January, September",https://www.bradford.ac.uk/courses/pg/cyber-security/
Diagnostic Hysteroscopy and Therapeutic Management PG Certificate (Part-time),Postgraduate,Up to 5 years,Part-time,September,https://www.bradford.ac.uk/courses/pg/diagnostic-hysteroscopy-and-therapeutic-management/
Diagnostic Radiography BSc (Hons),Undergraduate,3 years,Full-time,September,https://www.bradford.ac.uk/courses/ug/diagnostic-radiography-bsc/
Digital and Strategic Marketing MSc,Postgraduate,September start - 12 months January start - 15 months,Full-time,"September, January",https://www.bradford.ac.uk/courses/pg/digital-and-strategic-marketing/
Digital and Strategic Marketing MSc (Part-time),Postgraduate,September start - 24 months January start - 27 months,Part-time,"September, January",https://www.bradford.ac.uk/courses/pg/digital-and-strategic-marketing/
Digital Civil Engineering MSc,Postgraduate,1 year,Full-time,September,https://www.bradford.ac.uk/courses/pg/digital-civil-engineering/
Digital Civil Engineering MSc (Part-time),Postgraduate,3 years,Part-time,September,https://www.bradford.ac.uk/courses/pg/digital-civil-engineering/
Doctor of Business Administration (DBA) (Bradford) DBA (Part-time),Postgraduate,4 - 7 years,Part-time,September,https://www.bradford.ac.uk/courses/pg/dba/
Doctor of Business Administration (DBA) (Oman) Doctorate (Part-time),Postgraduate,4 - 7 years,Part-time,September,https://www.bradford.ac.uk/courses/pg/dba-oman/
Doctorate in Medicine MD,Postgraduate,2 years,Full-time,September,https://www.bradford.ac.uk/courses/pg/doctorate-medicine/
Doctorate in Medicine MD (Part-time),Postgraduate,Up to 4 years,Part-time,September,https://www.bradford.ac.uk/courses/pg/doctorate-medicine/
Drug Toxicology and Safety Pharmacology MSc,Postgraduate,1 year,Full-time,"January, September",https://www.bradford.ac.uk/courses/pg/drug-toxicology-and-safety-pharmacology/
Economics BSc (Hons),Undergraduate,3 years,Full-time,September,https://www.bradford.ac.uk/courses/ug/economics-bsc/?att=ft
Economics (with placement year) BSc (Hons),Undergraduate,4 years,Full-time (including placement),September,https://www.bradford.ac.uk/courses/ug/economics-bsc/
Economics and Finance for Development MSc,Postgraduate,1 year or 15 months with internship / placement,Full-time,"September, January",https://www.bradford.ac.uk/courses/pg/economics-and-finance-for-development/
Economics and Finance for Development MSc (Part-time),Postgraduate,2 years or 27 months with internship / placement,Part-time,"September, January",https://www.bradford.ac.uk/courses/pg/economics-and-finance-for-development/
Engineering Foundation Year,Undergraduate,1 year,Full-time,September,https://www.bradford.ac.uk/courses/ug/engineering-foundation/
Engineering Management MSc,Postgraduate,1 year,Full-time,"January, September",https://www.bradford.ac.uk/courses/pg/engineering-management/
Enhanced Clinical Practitioner (Part-time),Postgraduate,1 year,Part-time,"September, January",https://www.bradford.ac.uk/courses/pg/enhanced-clinical-practitioner/
Enhanced Maternal Care Module (Part-time),CPD Module,1 year,Part-time,October,https://www.bradford.ac.uk/courses/cpd/enhanced-maternal-care/
Enhanced Paediatric Nursing Skills (EPNS) Module (Part-time),CPD Module,4 months,Part-time,April,https://www.bradford.ac.uk/courses/cpd/enhanced-paediatric-nursing-skills/
Enhanced Practice (Radiography) PG Diploma (Part-time),Postgraduate,Postgraduate Certificate,Part-time,January,https://www.bradford.ac.uk/courses/pg/enhanced-practice-radiography/
Enhanced Practice (Radiography) PG Certificate (Part-time),Postgraduate,Postgraduate Certificate,Part-time,January,https://www.bradford.ac.uk/courses/pg/enhanced-practice-radiography/
Entrepreneurship in Practice MSc,Postgraduate,1 year,Full-time,September,https://www.bradford.ac.uk/courses/pg/entrepreneurship-in-practice/
Entrepreneurship in Practice MSc (Part-time),Postgraduate,2 years,Part-time,September,https://www.bradford.ac.uk/courses/pg/entrepreneurship-in-practice/
European and International Business Management MSc,Postgraduate,13 - 16 months,Full-time,September,https://www.bradford.ac.uk/courses/pg/european-international-business-management/
Evaluating Dementia Practice Module (Part-time),CPD Module,4 months,Part-time,January,https://www.bradford.ac.uk/courses/cpd/evaluating-dementia-practice/
Evidence Based Diabetes Care Module (Part-time),CPD Module,4 months,Part-time,February,https://www.bradford.ac.uk/courses/cpd/evidence-based-diabetes-care/
Evidence-based Dementia Practice Module (Part-time),CPD Module,4 months,Part-time,September,https://www.bradford.ac.uk/courses/cpd/evidence-based-dementia-practice/
Film and Television Production BA (Hons),Undergraduate,3 years,Full-time,September,https://www.bradford.ac.uk/courses/ug/film-and-television-production-ba/?att=ft
Film and Television Production (with placement year) BA (Hons),Undergraduate,4 years,Full-time (including placement),September,https://www.bradford.ac.uk/courses/ug/film-and-television-production-ba/
Film and Visual Effects Technology BSc (Hons),Undergraduate,3 years,Full-time,September,https://www.bradford.ac.uk/courses/ug/film-and-visual-effects-technology-bsc/?att=ft
Film and Visual Effects Technology (with placement year) BSc (Hons),Undergraduate,4 years,Full-time (including placement),September,https://www.bradford.ac.uk/courses/ug/film-and-visual-effects-technology-bsc/
Filmmaking MA,Postgraduate,1 year,Full-time,September,https://www.bradford.ac.uk/courses/pg/filmmaking/
Filmmaking MA (Part-time),Postgraduate,2 years,Part-time,September,https://www.bradford.ac.uk/courses/pg/filmmaking/
Finance and Business Analytics BSc (Hons),Undergraduate,3 years,Full-time,September,https://www.bradford.ac.uk/courses/ug/finance-and-business-analytics-bsc/?att=ft
Finance and Business Analytics (with placement year) BSc (Hons),Undergraduate,4 years,Full-time (including placement),September,https://www.bradford.ac.uk/courses/ug/finance-and-business-analytics-bsc/
Finance and Economics BSc (Hons),Undergraduate,3 years,Full-time,September,https://www.bradford.ac.uk/courses/ug/finance-and-economics-bsc/?att=ft
Finance and Economics (with placement year) BSc (Hons),Undergraduate,4 years,Full-time (including placement),September,https://www.bradford.ac.uk/courses/ug/finance-and-economics-bsc/
Finance and Investment MSc,Postgraduate,September start - 12 months January start - 15 months,Full-time,"September, January",https://www.bradford.ac.uk/courses/pg/finance-and-investment/
Finance and Investment MSc (Part-time),Postgraduate,September start - 24 months January start - 27 months,Part-time,"September, January",https://www.bradford.ac.uk/courses/pg/finance-and-investment/
"Finance, Accounting and Management MSc",Postgraduate,September start - 12 months January start - 15 months,Full-time,"September, January",https://www.bradford.ac.uk/courses/pg/finance-accounting-and-management/
"Finance, Accounting and Management MSc (Part-time)",Postgraduate,September start - 24 months January start - 27 months,Part-time,"September, January",https://www.bradford.ac.uk/courses/pg/finance-accounting-and-management/
Financial Technology (FinTech) MSc,Postgraduate,September start - 12 months January start - 15 months,Full-time,"September, January",https://www.bradford.ac.uk/courses/pg/financial-technology/
Financial Technology (FinTech) Distance Learning MSc (Part-time),Postgraduate,2 years,Part-time,"September, January",https://www.bradford.ac.uk/courses/pg/financial-technology-distance-learning/
First Contact Physiotherapy Practitioner (Musculoskeletal) PG Certificate (Part-time),Postgraduate,12 months,Part-time,"September, January",https://www.bradford.ac.uk/courses/pg/first-contact-physiotherapy/
Forensic and Medical Sciences BSc (Hons),Undergraduate,3 years,Full-time,September,https://www.bradford.ac.uk/courses/ug/forensic-and-medical-sciences-bsc/?att=ft
Forensic and Medical Sciences (with placement year) BSc (Hons),Undergraduate,4 years,Full-time (including placement),September,https://www.bradford.ac.uk/courses/ug/forensic-and-medical-sciences-bsc/
Forensic Archaeology and Anthropology BSc (Hons),Undergraduate,3 years,Full-time,September,https://www.bradford.ac.uk/courses/ug/forensic-archaeology-and-anthropology-bsc/?att=ft
Forensic Archaeology and Anthropology (with placement year) BSc (Hons),Undergraduate,4 years,Full-time (including placement),September,https://www.bradford.ac.uk/courses/ug/forensic-archaeology-and-anthropology-bsc/
Forensic Archaeology and Crime Scene Investigation MSc,Postgraduate,1 year,Full-time,September,https://www.bradford.ac.uk/courses/pg/forensic-archaeology-crime-scene-investigation/
Forensic Archaeology and Crime Scene Investigation MSc (Part-time),Postgraduate,2 years,Part-time,September,https://www.bradford.ac.uk/courses/pg/forensic-archaeology-crime-scene-investigation/
Forensic Science BSc (Hons),Undergraduate,3 years,Full-time,September,https://www.bradford.ac.uk/courses/ug/forensic-science-bsc/?att=ft
Forensic Science (with placement year) BSc (Hons),Undergraduate,4 years,Full-time (including placement),September,https://www.bradford.ac.uk/courses/ug/forensic-science-bsc/
Foundation in Clinical Sciences and Medicine leading to BSc Clinical Sciences (Full-time with Placement) BSc (Hons),Undergraduate,5 years,Full-time (including placement),September,https://www.bradford.ac.uk/courses/ug/foundation-clinical-sciences-medicine/
Foundation in Clinical Sciences and Medicine leading to BSc Clinical Sciences (Full-time) BSc (Hons),Undergraduate,4 years,Full-time,September,https://www.bradford.ac.uk/courses/ug/foundation-clinical-sciences-medicine/?att=ft
Foundation Pharmacy Practice MSc (Part-time),Postgraduate,3 years,Part-time,"September, January",https://www.bradford.ac.uk/courses/pg/foundation-pharmacy-practice/
Foundation Pharmacy Practice PG Diploma (Part-time),Postgraduate,3 years,Part-time,"September, January",https://www.bradford.ac.uk/courses/pg/foundation-pharmacy-practice/
Foundation Year,Undergraduate,1 year,Full-time,September,https://www.bradford.ac.uk/courses/ug/foundation-year/
Game Design and Development BSc (Hons),Undergraduate,3 years,Full-time,September,https://www.bradford.ac.uk/courses/ug/game-design-and-development-bsc/?att=ft
Game Design and Development (with placement year) BSc (Hons),Undergraduate,4 years,Full-time (including placement),September,https://www.bradford.ac.uk/courses/ug/game-design-and-development-bsc/
Graphics for Games BA (Hons),Undergraduate,3 years,Full-time,September,https://www.bradford.ac.uk/courses/ug/graphics-for-games-ba/?att=ft
Graphics for Games (with placement year) BA (Hons),Undergraduate,4 years,Full-time (including placement),September,https://www.bradford.ac.uk/courses/ug/graphics-for-games-ba/
"Haematology and BMT: Understanding Treatment, Management and Care Module (Part-time)",Postgraduate,3 months,Part-time,May,https://www.bradford.ac.uk/courses/cpd/haematology-and-bmt/
Health and Social Care Leadership Module (Part-time),CPD Module,4 months,Part-time,September,https://www.bradford.ac.uk/courses/cpd/health-and-social-care-leadership/
Health Promotion in Practice Module (Part-time),CPD Module,4 months,Part-time,October,https://www.bradford.ac.uk/courses/cpd/health-promotion-in-practice/
Healthcare Science (Life Sciences) BSc (Hons),Undergraduate,3 years,Full-time,September,https://www.bradford.ac.uk/courses/ug/healthcare-science-life-sciences-bsc/
Healthcare Science Apprenticeship BSc (Hons) (Part-time),Undergraduate,5 years,Part-time,September,https://www.bradford.ac.uk/courses/apprenticeships/healthcare-science-apprenticeship/
Heritage and Archaeology BA (Hons),Undergraduate,3 years,Full-time,September,https://www.bradford.ac.uk/courses/ug/heritage-and-archaeology-ba/?att=ft
Heritage and Archaeology (with placement year) BA (Hons),Undergraduate,4 years,Full-time (including placement),September,https://www.bradford.ac.uk/courses/ug/heritage-and-archaeology-ba/
Human Osteology and Palaeopathology MSc,Postgraduate,1 year,Full-time,September,https://www.bradford.ac.uk/courses/pg/human-osteology-and-palaeopathology/
Human Osteology and Palaeopathology MSc (Part-time),Postgraduate,2 years,Part-time,September,https://www.bradford.ac.uk/courses/pg/human-osteology-and-palaeopathology/
Human Resource Management (CIPD Accreditation) MSc,Postgraduate,September start - 12 months January start - 15 months,Full-time,"January, September",https://www.bradford.ac.uk/courses/pg/human-resource-management/
Human Resource Management (CIPD Accreditation) MSc (Part-time),Postgraduate,September start - 24 months January start - 27 months,Part-time,"September, January",https://www.bradford.ac.uk/courses/pg/human-resource-management/
"Innovation, Enterprise and Circular Economy MBA (Part-time)",Postgraduate,2 - 3 years,Part-time,"January, April, July, September",https://www.bradford.ac.uk/courses/pg/innovation-enterprise-and-circular-economy/
"Innovation, Enterprise and Circular Economy PG Certificate (Part-time)",Postgraduate,12 - 18 months,Part-time,July,https://www.bradford.ac.uk/courses/pg/innovation-enterprise-and-circular-economy-pgcert/
International Accounting and Finance MSc,Postgraduate,September start - 12 months January start - 15 months,Full-time,"September, January",https://www.bradford.ac.uk/courses/pg/international-accounting-and-finance/
International Accounting and Finance MSc (Part-time),Postgraduate,September start - 24 months January start - 27 months,Part-time,"September, January",https://www.bradford.ac.uk/courses/pg/international-accounting-and-finance/
International Banking and Financial Technology Law LLM,Postgraduate,12-15 months (full-time),Full-time,"September, January",https://www.bradford.ac.uk/courses/pg/international-banking-and-financial-technology-law/
International Banking and Financial Technology Law LLM (Part-time),Postgraduate,2 years,Part-time,"September, January",https://www.bradford.ac.uk/courses/pg/international-banking-and-financial-technology-law/
International Banking and Financial Technology Law (Distance Learning) LLM (Part-time),Postgraduate,24-48 months (part-time),Part-time,"September, January",https://www.bradford.ac.uk/courses/pg/international-banking-and-financial-technology-law-distance-learning/
International Banking and Financial Technology Law (Distance Learning) LLM,Postgraduate,12-15 months,Full-time,"September, January",https://www.bradford.ac.uk/courses/pg/international-banking-and-financial-technology-law-distance-learning/
International Business and Management BSc (Hons),Undergraduate,3 years,Full-time,September,https://www.bradford.ac.uk/courses/ug/international-business-and-management-bsc/?att=ft
International Business and Management MSc,Postgraduate,September start - 12 months January start - 15 months,Full-time,"September, January",https://www.bradford.ac.uk/courses/pg/international-business-and-management/
International Business and Management MSc (Part-time),Postgraduate,September start - 24 months January start - 27 months,Part-time,"September, January",https://www.bradford.ac.uk/courses/pg/international-business-and-management/
International Business and Management (with placement year) BSc (Hons),Undergraduate,4 years,Full-time (including placement),September,https://www.bradford.ac.uk/courses/ug/international-business-and-management-bsc/
International Commercial Law LLM,Postgraduate,"15 months Jan start, 1 year Sept start",Full-time,"September, January",https://www.bradford.ac.uk/courses/pg/international-commercial-law/
International Commercial Law LLM (Part-time),Postgraduate,"27 months January start, 2 years September Start",Part-time,"September, January",https://www.bradford.ac.uk/courses/pg/international-commercial-law/
International Commercial Law (Distance Learning) LLM,Postgraduate,September start - 12 months / January start,Full-time,"September, January",https://www.bradford.ac.uk/courses/pg/international-commercial-law-distance-learning/
International Commercial Law (Distance Learning) LLM (Part-time),Postgraduate,2-4 years,Part-time,"September, January",https://www.bradford.ac.uk/courses/pg/international-commercial-law-distance-learning/
International Corporate Law and Governance LLM,Postgraduate,12-15 months,Full-time,"September, January",https://www.bradford.ac.uk/courses/pg/international-corporate-law-and-governance/
International Corporate Law and Governance LLM (Part-time),Postgraduate,2 years,Part-time,"September, January",https://www.bradford.ac.uk/courses/pg/international-corporate-law-and-governance/
International Corporate Law and Governance (Distance Learning) LLM,Postgraduate,12-15 months,Full-time,"September, January",https://www.bradford.ac.uk/courses/pg/international-corporate-law-and-governance-distance-learning/
International Corporate Law and Governance (Distance Learning) LLM (Part-time),Postgraduate,2 years,Part-time,"September, January",https://www.bradford.ac.uk/courses/pg/international-corporate-law-and-governance-distance-learning/
International Development Management MA,Postgraduate,Sept - 12 months (15 with placement) / Jan - 15 months (18 with placement),Full-time,"September, January",https://www.bradford.ac.uk/courses/pg/international-development-management/
International Development Management MA (Part-time),Postgraduate,September start - 24 months / January start - 27 months,Part-time,"September, January",https://www.bradford.ac.uk/courses/pg/international-development-management/
International Human Rights Law and Development LLM,Postgraduate,"15 months Jan start, 1 year Sept start",Full-time,"September, January",https://www.bradford.ac.uk/courses/pg/international-human-rights-and-development/
International Human Rights Law and Development LLM (Part-time),Postgraduate,"27 months January start, 2 years September start",Part-time,"September, January",https://www.bradford.ac.uk/courses/pg/international-human-rights-and-development/
International Human Rights Law and Development (Distance Learning) LLM,Postgraduate,Sept start - 12 months / January start,Full-time,"September, January",https://www.bradford.ac.uk/courses/pg/international-human-rights-and-development-distance-learning/
International Human Rights Law and Development (Distance Learning) LLM (Part-time),Postgraduate,2-4 years,Part-time,"September, January",https://www.bradford.ac.uk/courses/pg/international-human-rights-and-development-distance-learning/
International Legal Studies LLM,Postgraduate,"15 months Jan start, 1 year Sept start",Full-time,"September, January",https://www.bradford.ac.uk/courses/pg/international-legal-studies/
International Legal Studies LLM (Part-time),Postgraduate,September start - 2 years January start - 27 months,Part-time,"September, January",https://www.bradford.ac.uk/courses/pg/international-legal-studies/
International Legal Studies (Distance Learning) LLM,Postgraduate,"16 months Jan start, 1 year Sept start",Full-time,"September, January",https://www.bradford.ac.uk/courses/pg/international-legal-studies-distance-learning/
International Legal Studies (Distance Learning) LLM (Part-time),Postgraduate,2 - 4 years,Part-time,"September, January",https://www.bradford.ac.uk/courses/pg/international-legal-studies-distance-learning/
International Nursing Studies MSc,Postgraduate,1 year,Full-time,January,https://www.bradford.ac.uk/courses/pg/nursing-studies-international/
International Nursing Studies MSc (Part-time),Postgraduate,2 years,Part-time,January,https://www.bradford.ac.uk/courses/pg/nursing-studies-international/
International Nursing Studies PG Diploma,Postgraduate,1 year,Full-time,January,https://www.bradford.ac.uk/courses/pg/nursing-studies-international/
International Nursing Studies PG Diploma (Part-time),Postgraduate,2 years,Part-time,January,https://www.bradford.ac.uk/courses/pg/nursing-studies-international/
International Nursing Studies PG Certificate,Postgraduate,1 year,Full-time,January,https://www.bradford.ac.uk/courses/pg/nursing-studies-international/
International Nursing Studies PG Certificate (Part-time),Postgraduate,2 years,Part-time,January,https://www.bradford.ac.uk/courses/pg/nursing-studies-international/
International Relations and Security Studies MA,Postgraduate,Sept - 12 months (15 with placement) / Jan - 15 months (18 with placement),Full-time,September. January,https://www.bradford.ac.uk/courses/pg/international-relations-and-security-studies/
International Relations and Security Studies MA (Part-time),Postgraduate,2 years or 4 years,Part-time,"September, January",https://www.bradford.ac.uk/courses/pg/international-relations-and-security-studies/
"International Relations, Politics and Security Studies BA (Hons)",Undergraduate,3 years,Full-time,September,https://www.bradford.ac.uk/courses/ug/international-relations-politics-security-ba/
Law LLB,Undergraduate,3 years,Full-time,September,https://www.bradford.ac.uk/courses/ug/law-llb/?att=ft
Law (with placement year) LLB,Undergraduate,4 years,Full-time (including placement),September,https://www.bradford.ac.uk/courses/ug/law-llb/
Law with Business and Management LLB,Undergraduate,3 years,Full-time,September,https://www.bradford.ac.uk/courses/ug/law-with-business-and-management-llb/?att=ft
Law with Business and Management (with placement year) LLB,Undergraduate,4 years,Full-time (including placement),September,https://www.bradford.ac.uk/courses/ug/law-with-business-and-management-llb/
Leadership for Advanced Practitioners Module (Part-time),CPD Module,3 months,Part-time,"February, October",https://www.bradford.ac.uk/courses/cpd/leadership-for-advanced-practitioners/
Leadership in Health & Social Care MSc (Part-time),Postgraduate,3 years,Part-time,"September, January",https://www.bradford.ac.uk/courses/pg/leadership-in-health-and-social-care/
Leadership in Health & Social Care PG Diploma (Part-time),Postgraduate,3 years,Part-time,"September, January",https://www.bradford.ac.uk/courses/pg/leadership-in-health-and-social-care/
Leadership in Health & Social Care PG Certificate (Part-time),Postgraduate,3 years,Part-time,"September, January",https://www.bradford.ac.uk/courses/pg/leadership-in-health-and-social-care/
Leadership in Health & Social Care (International) MSc,Postgraduate,1 year,Full-time,"September, January",https://www.bradford.ac.uk/courses/pg/leadership-health-social-care-international/
Leadership in Health and Social Care (Distance Learning) MSc,Postgraduate,1 year,Full-time,September,https://www.bradford.ac.uk/courses/pg/leadership-in-health-and-social-care-distance-learning/
Leadership in Health and Social Care (Distance Learning) PG Diploma,Postgraduate,1 year,Full-time,September,https://www.bradford.ac.uk/courses/pg/leadership-in-health-and-social-care-distance-learning/
Leadership in Health and Social Care (Distance Learning) PG Certificate,Postgraduate,1 year,Full-time,September,https://www.bradford.ac.uk/courses/pg/leadership-in-health-and-social-care-distance-learning/
Leadership in Health and Social Care (Distance Learning) MSc (Part-time),Postgraduate,2 years,Part-time,September,https://www.bradford.ac.uk/courses/pg/leadership-in-health-and-social-care-distance-learning/
Leadership in Health and Social Care (Distance Learning) PG Diploma (Part-time),Postgraduate,2 years,Part-time,September,https://www.bradford.ac.uk/courses/pg/leadership-in-health-and-social-care-distance-learning/
Leadership in Health and Social Care (Distance Learning) PG Certificate (Part-time),Postgraduate,2 years,Part-time,September,https://www.bradford.ac.uk/courses/pg/leadership-in-health-and-social-care-distance-learning/
Leadership in Health and Social Care (International) (Distance Learning),Postgraduate,1 year,Full-time,September,https://www.bradford.ac.uk/courses/pg/leadership-in-health-and-social-care-international-distance-learning/
Leadership in Health and Social Care (International) (Distance Learning) (Part-time),Postgraduate,2 years,Part-time,September,https://www.bradford.ac.uk/courses/pg/leadership-in-health-and-social-care-international-distance-learning/
Leading Change and Service Improvement in Health and Social Care Module (Part-time),CPD Module,4 months,Part-time,January,https://www.bradford.ac.uk/courses/cpd/leading-change-and-service-improvement/
Legal Theory and Solicitors Practice MLaw (Hons),Undergraduate,4 years,Full-time,September,https://www.bradford.ac.uk/courses/ug/legal-theory-and-solicitors-practice/
Legal Theory and Solicitors Practice LLM,Postgraduate,2 years,Full-time,September,https://www.bradford.ac.uk/courses/pg/legal-theory-and-solicitors-practice/
Legal Theory and Solicitors Practice LLM (Part-time),Postgraduate,4 years,Part-time,September,https://www.bradford.ac.uk/courses/pg/legal-theory-and-solicitors-practice/
Legal Theory and Solicitors Practice (Distance Learning) LLM,Postgraduate,2 years,Full-time,September,https://www.bradford.ac.uk/courses/pg/legal-theory-and-solicitors-practice-distance-learning/
Legal Theory and Solicitors Practice (Distance Learning) LLM (Part-time),Postgraduate,4 years,Part-time,September,https://www.bradford.ac.uk/courses/pg/legal-theory-and-solicitors-practice-distance-learning/
"Logistics, Data Analytics and Supply Chain Management MSc",Postgraduate,"15 months Jan start, 1 year Sept start",Full-time,September and January,https://www.bradford.ac.uk/courses/pg/logistics-data-analytics-supply-chain-management/
"Logistics, Data Analytics and Supply Chain Management MSc (Part-time)",Postgraduate,27 months January start 24 months September start,Part-time,September and January,https://www.bradford.ac.uk/courses/pg/logistics-data-analytics-supply-chain-management/
Management MSc,Postgraduate,12 or 15 months,Full-time,"September, January",https://www.bradford.ac.uk/courses/pg/management/
Management MSc (Part-time),Postgraduate,September start - 24 months / January start 27 months,Part-time,"September, January",https://www.bradford.ac.uk/courses/pg/management/
Management (with Professional Placement) MSc,Postgraduate,15 months,Full-time,September,https://www.bradford.ac.uk/courses/pg/management-with-placement/
Management and Business Analytics BSc (Hons),Undergraduate,3 years,Full-time,September,https://www.bradford.ac.uk/courses/ug/management-and-business-analytics-bsc/?att=ft
Management and Business Analytics (with placement year) BSc (Hons),Undergraduate,4 years,Full-time (including placement),September,https://www.bradford.ac.uk/courses/ug/management-and-business-analytics-bsc/
Managing People in Health and Social Care Module (Part-time),CPD Module,4 months,Part-time,January,https://www.bradford.ac.uk/courses/cpd/managing-people-in-health-and-social-care/
Marketing BSc (Hons),Undergraduate,3 years,Full-time,September,https://www.bradford.ac.uk/courses/ug/marketing-bsc/?att=ft
Marketing MSc,Postgraduate,September start - 12 months January start - 15 months,Full-time,"September, January",https://www.bradford.ac.uk/courses/pg/marketing/
Marketing MSc (Part-time),Postgraduate,September start - 24 January start - 27 months,Part-time,"September, January",https://www.bradford.ac.uk/courses/pg/marketing/
Marketing (with placement year) BSc (Hons),Undergraduate,4 years,Full-time (including placement),September,https://www.bradford.ac.uk/courses/ug/marketing-bsc/
Master by Research MRes,Postgraduate,1 year,Full-time,September,https://www.bradford.ac.uk/courses/pg/master-by-research/
Master of Optometry MOptom (Hons),Undergraduate,4 years,Full-time,September,https://www.bradford.ac.uk/courses/ug/master-of-optometry/
Master of Physician Associate Studies MPAS,Postgraduate,2 years,Full-time,September,https://www.bradford.ac.uk/courses/pg/physicians-associate-studies/
Materials Chemistry MSc,Postgraduate,1 year,Full-time,September,https://www.bradford.ac.uk/courses/pg/materials-chemistry/
MBA (Executive MBA in Dubai) MBA (Part-time),Postgraduate,2 - 3 years,Part-time,"September, April",https://www.bradford.ac.uk/courses/pg/mba-dubai/
MBA Distance Learning MBA (Part-time),Postgraduate,2-3 years,Part-time,"January, April, July, September",https://www.bradford.ac.uk/courses/pg/mba-distance-learning/
Mechanical Engineering BEng (Hons),Undergraduate,3 years,Full-time,September,https://www.bradford.ac.uk/courses/ug/mechanical-engineering-beng/?att=ft
Mechanical Engineering MEng,Undergraduate,4 years,Full-time,September,https://www.bradford.ac.uk/courses/ug/mechanical-engineering-meng/?att=ft
Mechanical Engineering (with Integrated Engineering Foundation Year) BEng (Hons),Undergraduate,4 years,Full-time,September,https://www.bradford.ac.uk/courses/ug/mechanical-engineering-with-integrated-foundation/?att=ft
Mechanical Engineering (with placement year) BEng (Hons),Undergraduate,4 years,Full-time (including placement),September,https://www.bradford.ac.uk/courses/ug/mechanical-engineering-beng/
Mechanical Engineering (with placement year) MEng,Undergraduate,5 years,Full-time (including placement),September,https://www.bradford.ac.uk/courses/ug/mechanical-engineering-meng/
Mechanical Engineering with (Integrated Engineering Foundation Year and Placement Year) BEng (Hons),Undergraduate,5 years,Full-time (including placement),September,https://www.bradford.ac.uk/courses/ug/mechanical-engineering-with-integrated-foundation/
Medical Bioscience MSc,Postgraduate,1 year,Full-time,September,https://www.bradford.ac.uk/courses/pg/medical-bioscience/
Medical Imaging MSc (Part-time),Postgraduate,3 years,Part-time,"September, January",https://www.bradford.ac.uk/courses/pg/medical-imaging/
Medical Imaging PG Diploma (Part-time),Postgraduate,3 years,Part-time,"September, January",https://www.bradford.ac.uk/courses/pg/medical-imaging/
Medical Imaging PG Certificate (Part-time),Postgraduate,3 years,Part-time,"September, January",https://www.bradford.ac.uk/courses/pg/medical-imaging/
Medical Imaging (Computed Tomography) PG Certificate (Part-time),Postgraduate,1 year,Part-time,January,https://www.bradford.ac.uk/courses/pg/medical-imaging-computed-tomography/
Medical Imaging (Magnetic Resonance Imaging) PG Certificate (Part-time),Postgraduate,1 year,Part-time,September,https://www.bradford.ac.uk/courses/pg/medical-imaging-magnetic-resonance-imaging/
Mental Health Practice MA (Part-time),Postgraduate,3 years,Part-time,September,https://www.bradford.ac.uk/courses/pg/mental-health-practice/
Mental Health Practice PG Diploma (Part-time),Postgraduate,3 years,Part-time,September,https://www.bradford.ac.uk/courses/pg/mental-health-practice/
Mental Health Practice PG Certificate (Part-time),Postgraduate,3 years,Part-time,September,https://www.bradford.ac.uk/courses/pg/mental-health-practice/
Midwifery BSc (Hons),Undergraduate,3 years,Full-time,September,https://www.bradford.ac.uk/courses/ug/midwifery-studies-bsc/
Midwifery MSc,Undergraduate,3 years,Full-time,September,https://www.bradford.ac.uk/courses/ug/midwifery-studies-msc/
Midwifery Studies MSc (Part-time),Postgraduate,Up to 5 years,Part-time,"September, January, April, November",https://www.bradford.ac.uk/courses/pg/midwifery/
Midwifery Studies PG Diploma (Part-time),Postgraduate,Up to 5 years,Part-time,"September, January, April, November",https://www.bradford.ac.uk/courses/pg/midwifery/
Midwifery Studies PG Certificate (Part-time),Postgraduate,Up to 5 years,Part-time,"September, January, April, November",https://www.bradford.ac.uk/courses/pg/midwifery/
Minor Illness and Minor Injury Module (Part-time),CPD Module,3 months,Part-time,October,https://www.bradford.ac.uk/courses/cpd/minor-illness-minor-injury/
MNurse (Adult/Mental Health),Undergraduate,4 years,Full-time,September,https://www.bradford.ac.uk/courses/ug/m-nurse-adult-mental-health/
MNurse (Children's/Mental Health),Undergraduate,4 years,Full-time,September,https://www.bradford.ac.uk/courses/ug/m-nurse-child-mental-health/
MPhysiotherapy - Sport and Exercise Medicine MPhysio,Undergraduate,4 years,Full-time,September,https://www.bradford.ac.uk/courses/ug/sport-and-exercise-medicine-mphysiotherapy/
Musculoskeletal Physiotherapy Practice PG Diploma (Part-time),Postgraduate,Up to 3 years,Part-time,"September, January",https://www.bradford.ac.uk/courses/pg/musculoskeletal-physiotherapy-practice/
Musculoskeletal Physiotherapy Practice PG Certificate (Part-time),Postgraduate,Up to 3 years,Part-time,"September, January",https://www.bradford.ac.uk/courses/pg/musculoskeletal-physiotherapy-practice/
Natural Resources and Environmental Law and Policy (Distance Learning) llm LLM,Postgraduate,September start,Full-time,"September, January",https://www.bradford.ac.uk/courses/pg/natural-resources-and-environmental-law-and-policy-distance-learning/
Natural Resources and Environmental Law and Policy (Distance Learning) llm LLM (Part-time),Postgraduate,2-4 years,Part-time,"September, January",https://www.bradford.ac.uk/courses/pg/natural-resources-and-environmental-law-and-policy-distance-learning/
Natural Resources and Environmental Law and Policy llm LLM,Postgraduate,"15 months Jan start, 1 year Sept start",Full-time,"September, January",https://www.bradford.ac.uk/courses/pg/natural-resources-and-environmental-law-and-policy/
Natural Resources and Environmental Law and Policy llm LLM (Part-time),Postgraduate,27 months January start 2 years September start,Part-time,"September, January",https://www.bradford.ac.uk/courses/pg/natural-resources-and-environmental-law-and-policy/
Nursing (Adult) BSc (Hons),Undergraduate,3 years,Full-time,September,https://www.bradford.ac.uk/courses/ug/nursing-adult-bsc/
Nursing (Adult) - Harrogate and District NHS Trust BSc (Hons),Undergraduate,3 years,Full-time,September,https://www.bradford.ac.uk/courses/ug/nursing-adult-harrogate-bsc/
Nursing (Adult) - Mid Yorkshire Hospitals BSc (Hons),Undergraduate,3 years,Full-time,April,https://www.bradford.ac.uk/courses/ug/nursing-adult-dewsbury-bsc/
Nursing (Children's) BSc (Hons),Undergraduate,3 years,Full-time,September,https://www.bradford.ac.uk/courses/ug/nursing-child-bsc/
Nursing (Mental Health) BSc (Hons),Undergraduate,3 years,Full-time,September,https://www.bradford.ac.uk/courses/ug/nursing-mental-health-bsc/
Nursing Associate Apprenticeship FdSc,Undergraduate,2 years,Full-time,January,https://www.bradford.ac.uk/courses/ug/nursing-associate-apprenticeship-foundation/
Occupational Therapy BSc (Hons),Undergraduate,3 years,Full-time,September,https://www.bradford.ac.uk/courses/ug/occupational-therapy-bsc/
Paramedic Science BSc (Hons),Undergraduate,4 years,Full-time (including placement),September,https://www.bradford.ac.uk/courses/ug/paramedic-science-bsc/
"Peace, Conflict and Development MA",Postgraduate,Sept - 12 months (15 with placement) / Jan - 15 months (18 with placement),Full-time,"September, January",https://www.bradford.ac.uk/courses/pg/peace-conflict-and-development/
"Peace, Conflict and Development MA (Part-time)",Postgraduate,September start - 24 months / January start - 27 months,Part-time,"September, January",https://www.bradford.ac.uk/courses/pg/peace-conflict-and-development/
"Peace, Resilience and Social Justice MA",Postgraduate,Sept - 12 months (15 with placement) / Jan - 15 months (18 with placement),Full-time,"September, January",https://www.bradford.ac.uk/courses/pg/peace-resilience-social-justice/
"Peace, Resilience and Social Justice MA (Part-time)",Postgraduate,September start - 24 months / January start - 27 months,Part-time,"September, January",https://www.bradford.ac.uk/courses/pg/peace-resilience-social-justice/
Pharmaceutical and Cosmetic Science BSc (Hons),Undergraduate,3 years,Full-time,September,https://www.bradford.ac.uk/courses/ug/pharmaceutical-and-cosmetic-science/
Pharmaceutical Technology and Medicines Control MSc,Postgraduate,1 year,Full-time,"September, January",https://www.bradford.ac.uk/courses/pg/pharmaceutical-technology-medicines-control/
Pharmacy MPharm,Undergraduate,4 years,Full-time,September,https://www.bradford.ac.uk/courses/ug/pharmacy-mpharm/?att=ft
Pharmacy 5 years (including Foundation Year training) MPharm MPharm,Undergraduate,5 years,Full-time (including placement),September,https://www.bradford.ac.uk/courses/ug/pharmacy-mpharm/
PhD (Faculty of Health Studies) Doctorate,Postgraduate,3-4 years,Full-time,"October, February, June",https://www.bradford.ac.uk/courses/pg/phd-health-studies/
PhD (Faculty of Health Studies) Doctorate (Part-time),Postgraduate,6-7 years,Part-time,"October, February, June",https://www.bradford.ac.uk/courses/pg/phd-health-studies/
PhD (School of Archaeological and Forensic Sciences) Doctorate,Postgraduate,3-4 years,Full-time,"October, February, June",https://www.bradford.ac.uk/courses/pg/phd-arch-sci/
PhD (School of Chemistry and Biosciences) Doctorate,Postgraduate,3-4 years,Full-time,"October, February, June",https://www.bradford.ac.uk/courses/pg/phd-chemistry-biosciences/
PhD (School of Law) Doctorate,Postgraduate,3-4 years,Full-time,"February, June, October",https://www.bradford.ac.uk/courses/pg/phd-law/
PhD (School of Law) Doctorate (Part-time),Postgraduate,6-7 years,Part-time,"February, June, October",https://www.bradford.ac.uk/courses/pg/phd-law/
PhD (School of Management) Doctorate,Postgraduate,3-4 years,Full-time,"February, June, October",https://www.bradford.ac.uk/courses/pg/phd-management/
PhD (School of Management) Doctorate (Part-time),Postgraduate,6-7 years,Part-time,"February, June, October",https://www.bradford.ac.uk/courses/pg/phd-management/
PhD (School of Optometry and Vision Science) Doctorate,Postgraduate,3-4 years,Full-time,"February, October",https://www.bradford.ac.uk/courses/pg/phd-optometry/
PhD (School of Pharmacy and Medical Sciences) Doctorate,Postgraduate,3-4 years,Full-time,"February, June, October",https://www.bradford.ac.uk/courses/pg/phd-pharmacy-medical-sciences/
PhD (School of Social Sciences) Doctorate,Postgraduate,3-4 years,Full-time,"February, June, October",https://www.bradford.ac.uk/courses/pg/phd-social-sciences/
Physiology and Molecular Biology MSc,Postgraduate,1 year,Full-time,September,https://www.bradford.ac.uk/courses/pg/physiology-and-molecular-biology/
Physiotherapy BSc (Hons),Undergraduate,3 years,Full-time,September,https://www.bradford.ac.uk/courses/ug/physiotherapy-bsc/
Physiotherapy Management of Peripheral Joint Dysfunction - Lower Limb Module (Part-time),CPD Module,4 months,Part-time,February,https://www.bradford.ac.uk/courses/cpd/physiotherapy-management-peripheral-joint-dysfunction-lower-limb/
Physiotherapy Management of Peripheral Joint Dysfunction - Upper Limb Module (Part-time),CPD Module,4 months,Part-time,"September, February",https://www.bradford.ac.uk/courses/cpd/physiotherapy-management-peripheral-joint-dysfunction-upper-limb/
Physiotherapy Management of Spinal Dysfunction Module (Part-time),CPD Module,4 months,Part-time,March,https://www.bradford.ac.uk/courses/cpd/physiotherapy-management-spinal-dysfunction/
Postdiagnostic Support and Living Well with Dementia Module (Part-time),CPD Module,4 months,Part-time,February,https://www.bradford.ac.uk/courses/cpd/postdiagnostic-support-and-living-well-with-dementia/
Practice of Physiotherapy in Womens Health Module (Part-time),CPD Module,4 months,Part-time,June,https://www.bradford.ac.uk/courses/cpd/practice-of-physiotherapy-womens-health/
Practitioners with Advanced or Extended Roles in Dementia PG Certificate (Part-time),Postgraduate,1 year,Part-time,September,https://www.bradford.ac.uk/courses/pg/practitioners-advanced-extended-roles-dementia/
Practitioners with Special Interest - Cardiology PG Diploma (Part-time),Postgraduate,18-16 months,Part-time,September,https://www.bradford.ac.uk/courses/pg/practitioners-with-special-interest-cardiology/
Practitioners with Special Interest - Cardiology MSc (Part-time),Postgraduate,18-16 months,Part-time,September,https://www.bradford.ac.uk/courses/pg/practitioners-with-special-interest-cardiology/
Practitioners with Special Interest - Diabetes PG Diploma (Part-time),Postgraduate,18-60 months,Part-time,"April, November",https://www.bradford.ac.uk/courses/pg/practitioners-with-special-interest-diabetes/
Practitioners with Special Interest - Diabetes MSc (Part-time),Postgraduate,18-16 months,Part-time,"April, November",https://www.bradford.ac.uk/courses/pg/practitioners-with-special-interest-diabetes/
Practitioners with Special Interest - Gynaecology PG Diploma (Part-time),Postgraduate,18-60 months,Part-time,"January, July",https://www.bradford.ac.uk/courses/pg/practitioners-with-special-interest-gynaecology/
Practitioners with Special Interest - Gynaecology MSc (Part-time),Postgraduate,18-60 months,Part-time,"January, July",https://www.bradford.ac.uk/courses/pg/practitioners-with-special-interest-gynaecology/
Practitioners with Special Interest - Musculoskeletal Medicine with Rheumatology PG Diploma (Part-time),Postgraduate,18 - 60 months,Part-time,"September, March",https://www.bradford.ac.uk/courses/pg/pwsi-musculoskeletal-medicine-with-rheumatology/
Practitioners with Special Interest - Musculoskeletal Medicine with Rheumatology MSc (Part-time),Postgraduate,18-60 months,Part-time,"September, March",https://www.bradford.ac.uk/courses/pg/pwsi-musculoskeletal-medicine-with-rheumatology/
Pre-sessional English Language Programme (PREP),Undergraduate,"20, 10 or 6 weeks",Full-time,"April, June, July",https://www.bradford.ac.uk/courses/other/pre-sessional-english-language-programme/
Prescribing for Healthcare Professionals Module (Part-time),CPD Module,5 months,Part-time,"September, January",https://www.bradford.ac.uk/courses/cpd/prescribing-for-healthcare-professionals/
Prescribing for Pharmacists Module (Part-time),CPD Module,5 months,Part-time,"January, September",https://www.bradford.ac.uk/courses/cpd/prescribing-for-pharmacists/
Professional Certificate in Glaucoma Module (Part-time),CPD Module,One semester,Part-time,"January, June, September",https://www.bradford.ac.uk/courses/cpd/professional-certificate-in-glaucoma/
Professional Higher Certificate in Glaucoma Module (Part-time),CPD Module,One semester,Part-time,"January, September",https://www.bradford.ac.uk/courses/cpd/professional-higher-certificate-in-glaucoma/
Project Planning and Management MSc,Postgraduate,Sept - 12 months (15 with placement) / Jan - 15 months (18 with placement),Full-time,"September, January",https://www.bradford.ac.uk/courses/pg/project-planning-and-management/
Project Planning and Management MSc (Part-time),Postgraduate,Sept - 24 months / Jan - 27 months,Part-time,"September, January",https://www.bradford.ac.uk/courses/pg/project-planning-and-management/
Psychology BSc (Hons),Undergraduate,3 years,Full-time,September,https://www.bradford.ac.uk/courses/ug/psychology-bsc/?att=ft
Psychology MSc,Postgraduate,1 year,Full-time,September,https://www.bradford.ac.uk/courses/pg/psychology/
Psychology (Distance Learning) MSc,Postgraduate,1 year,Full-time,September,https://www.bradford.ac.uk/courses/pg/psychology-distance-learning/
Psychology (Distance Learning) MSc (Part-time),Postgraduate,2 years,Part-time,September,https://www.bradford.ac.uk/courses/pg/psychology-distance-learning/
Psychology (with placement year) BSc (Hons),Undergraduate,4 years,Full-time (including placement),September,https://www.bradford.ac.uk/courses/ug/psychology-bsc/
Psychology and Criminology BSc (Hons),Undergraduate,3 years,Full-time,September,https://www.bradford.ac.uk/courses/ug/psychology-and-criminology-bsc/
Psychology of Health and Wellbeing MSc,Postgraduate,1 year,Full-time,September,https://www.bradford.ac.uk/courses/pg/psychology-health-wellbeing/
Psychology with Counselling BSc (Hons),Undergraduate,3 years,Full-time,September,https://www.bradford.ac.uk/courses/ug/psychology-with-counselling-bsc/?att=ft
Psychology with Counselling (with placement year) BSc (Hons),Undergraduate,4 years,Full-time (including placement),September,https://www.bradford.ac.uk/courses/ug/psychology-with-counselling-bsc/
Public Health MPH,Postgraduate,1 year,Full-time,September,https://www.bradford.ac.uk/courses/pg/public-health/
Public Health MPH (Part-time),Postgraduate,2 years,Part-time,September,https://www.bradford.ac.uk/courses/pg/public-health/
Public Health and Community Wellbeing BSc (Hons),Undergraduate,3 years,Full-time,September,https://www.bradford.ac.uk/courses/ug/public-health-community-wellbeing-bsc/
Rehabilitation Studies (Continence for Physiotherapists) MSc (Part-time),Postgraduate,Up to 3 years,Part-time,"September, January",https://www.bradford.ac.uk/courses/pg/rehabilitation-studies-continence-for-physiotherapists/
Rehabilitation Studies (Musculoskeletal Physiotherapy Practice) MSc (Part-time),Postgraduate,Up to 3 years,Part-time,"September, January",https://www.bradford.ac.uk/courses/pg/musculoskeletal-physiotherapy-practice/
Rehabilitation Studies (Physiotherapy in Women's Health) MSc (Part-time),Postgraduate,Up to 3 years,Part-time,"September, January",https://www.bradford.ac.uk/courses/pg/physiotherapy-womens-health/
Rehabilitation Studies (Physiotherapy in Women's Health) PG Diploma (Part-time),Postgraduate,Up to 3 years,Part-time,"September, January",https://www.bradford.ac.uk/courses/pg/physiotherapy-womens-health/
Rehabilitation Studies (Physiotherapy in Women's Health) PG Certificate (Part-time),Postgraduate,Up to 3 years,Part-time,"September, January",https://www.bradford.ac.uk/courses/pg/physiotherapy-womens-health/
Renewable and Sustainable Energy MSc,Postgraduate,1 year,Full-time,"September, January",https://www.bradford.ac.uk/courses/pg/renewable-and-sustainable-energy/
Return to Practice Module (Part-time),CPD Module,3 months,Part-time,"February, September",https://www.bradford.ac.uk/courses/cpd/return-to-practice/
Satellite Systems Engineering MSc,Postgraduate,1 year,Full-time,"January, September",https://www.bradford.ac.uk/courses/pg/satellite-systems-engineering/
Skin Cancer (Clinical Examination and Case Management) Module (Part-time),CPD Module,7 months,Part-time,November,https://www.bradford.ac.uk/courses/cpd/clinical-examination-case-management-skin-cancer/
Skin Science and Stem Cell Biology MSc,Postgraduate,1 year,Full-time,September,https://www.bradford.ac.uk/courses/pg/skin-science-and-stem-cell-biology/
Social Sciences Research for Healthcare MSc,Postgraduate,1 year,Full-time,September,https://www.bradford.ac.uk/courses/pg/social-sciences-research-for-healthcare/
Social Sciences Research for Healthcare MSc (Part-time),Postgraduate,2 years,Part-time,September,https://www.bradford.ac.uk/courses/pg/social-sciences-research-for-healthcare/
Social Work BA (Hons),Undergraduate,3 years,Full-time,September,https://www.bradford.ac.uk/courses/ug/social-work-ba/
Social Work MA,Postgraduate,2 years,Full-time,September,https://www.bradford.ac.uk/courses/pg/social-work/
Social Work MA,Undergraduate,2 years,Full-time,September,https://www.bradford.ac.uk/courses/pg/social-work/
Sociology BA (Hons),Undergraduate,3 years,Full-time,September,https://www.bradford.ac.uk/courses/ug/sociology-ba/
Software Engineering BEng (Hons),Undergraduate,3 years,Full-time,September,https://www.bradford.ac.uk/courses/ug/software-engineering-beng/?att=ft
Software Engineering (with Integrated Foundation Year and Placement Year) BEng (Hons),Undergraduate,5 years,Full-time (including placement),September,https://www.bradford.ac.uk/courses/ug/software-engineering-with-integrated-foundation/?att=ft
Software Engineering (with Integrated Foundation Year) BEng (Hons),Undergraduate,4 years,Full-time,September,https://www.bradford.ac.uk/courses/ug/software-engineering-with-integrated-foundation/?att=ft
Software Engineering (with placement year) BEng (Hons),Undergraduate,4 years,Full-time (including placement),September,https://www.bradford.ac.uk/courses/ug/software-engineering-beng/
Specialist Healthcare Practitioner (Part-time),Postgraduate,3 years,Part-time,"September, January",https://www.bradford.ac.uk/courses/pg/specialist-healthcare-practitioner/
Specialist Mental Health Pharmacist Training Pathway Module (Part-time),CPD Module,12 months,Part-time,March,https://www.bradford.ac.uk/courses/cpd/specialist-mental-health-pharmacist/
Summer Pre-sessional English Language Programme,Undergraduate,6 weeks or 10 weeks,Full-time,July,https://www.bradford.ac.uk/courses/other/pre-sessional-english-language-programme/
Sustainable Development MSc,Postgraduate,Sept - 12 months (15 with placement) / Jan - 15 months (18 with placement),Full-time,"September, January",https://www.bradford.ac.uk/courses/pg/sustainable-development/
Sustainable Development MSc (Part-time),Postgraduate,September start - 24 months / January start - 27 months,Part-time,"September, January",https://www.bradford.ac.uk/courses/pg/sustainable-development/
Symptom Management in Life Limiting Illnesses Module (Part-time),CPD Module,4 months,Part-time,March,https://www.bradford.ac.uk/courses/cpd/symptom-management-in-life-limiting-illnesses/
Systematic Examination of the Newborn (Part-time),CPD Module,1 year,Part-time,October,https://www.bradford.ac.uk/courses/cpd/systematic-examination-of-the-newborn/
Technology and Artificial Intelligence Law LLM,Postgraduate,12-15 months,Full-time,"September, January",https://www.bradford.ac.uk/courses/pg/technology-and-artificial-intelligence-law/
Technology and Artificial Intelligence Law LLM (Part-time),Postgraduate,2 years,Part-time,"September, January",https://www.bradford.ac.uk/courses/pg/technology-and-artificial-intelligence-law/
Technology and Artificial Intelligence Law (Distance Learning) LLM,Postgraduate,12-15 months,Full-time,"September, January",https://www.bradford.ac.uk/courses/pg/technology-and-artificial-intelligence-law-distance-learning/
Technology and Artificial Intelligence Law (Distance Learning) LLM (Part-time),Postgraduate,2 years,Part-time,"September, January",https://www.bradford.ac.uk/courses/pg/technology-and-artificial-intelligence-law-distance-learning/
Theory of Physiotherapy in Womens Health Module (Part-time),CPD Module,4 months,Part-time,January,https://www.bradford.ac.uk/courses/cpd/theory-of-physiotherapy-womens-health/
Trauma Informed Maternity Care (Part-time),CPD Module,6 months,Part-time,February,https://www.bradford.ac.uk/courses/cpd/trauma-informed-maternity-care/
Understanding Health and Social Care through Policy and Strategy Module (Part-time),CPD Module,4 months,Part-time,September,https://www.bradford.ac.uk/courses/cpd/policy-and-strategy/
"Working with Children, Young People and Families BA (Hons)",Undergraduate,3 years,Full-time,September,https://www.bradford.ac.uk/courses/ug/working-with-children-young-people-and-families-ba/?att=ft
"Working with Children, Young People and Families (with placement year) BA (Hons)",Undergraduate,4 years,Full-time (including placement),September,https://www.bradford.ac.uk/courses/ug/working-with-children-young-people-and-families-ba/
Working with Communities to Improve Health Module (Part-time),CPD Module,4 months,Part-time,January,https://www.bradford.ac.uk/courses/cpd/working-with-communities-to-improve-health/
